0,2445397,-0.9045,1.0792,9.6359,7.7000,16.3100,19.9500,1014.1458,-0.9108,1.0867,9.7036,1606507067,N
0,2503404,-1.1868,1.0433,9.8273,-9.7300,19.6000,-0.5600,1014.1453,-1.0989,1.0853,9.6843,1606507067,N
0,2508493,-1.2467,1.0289,9.6933,-8.2600,9.2400,5.5300,1014.1451,-1.1681,1.0468,9.6804,1606507067,N
0,2509396,-2.2780,1.6510,9.6957,20.6500,-28.8400,-78.6800,1014.1449,-1.2971,1.1565,9.6514,1606507067,N
0,2509200,-0.3230,0.0096,9.4493,-32.8300,-9.0300,12.4600,1014.1458,-0.8832,0.5732,9.7500,1606507067,N
0,2498147,-0.5910,0.4092,9.6742,16.6600,6.8600,10.4300,1014.1462,-0.9899,0.7187,9.7301,1606507067,N
0,2498876,-0.7107,0.1555,9.8225,-25.6200,-8.5400,3.4300,1014.1473,-0.6770,0.3459,9.7771,1606507067,N
0,2498603,-0.5934,0.1101,9.8201,9.7300,4.5500,3.6400,1014.1487,-0.7890,0.3936,9.7669,1606507067,N
0,2498301,-0.6891,0.2130,9.8465,-6.7900,-9.6600,1.4000,1014.1491,-0.6152,0.2748,9.7835,1606507068,N
0,2499021,-0.5886,0.0479,9.6885,3.7100,4.3400,5.6700,1014.1491,-0.6924,0.2708,9.7784,1606507068,N
0,2499254,-0.6939,0.0024,9.8895,-4.1300,-5.4600,0.9800,1014.1477,-0.5843,0.1715,9.7877,1606507068,N
0,2187005,-0.6652,0.0215,9.7005,-3.1500,5.6000,3.6400,1014.1465,-0.5862,0.1210,9.7884,1606507068,N
0,2145892,-0.7250,-0.0263,9.9422,-2.2400,-1.7500,2.2400,1014.1456,-0.5156,0.0703,9.7928,1606507068,N
0,2144240,-0.7896,0.0167,9.7843,-2.5200,-2.5200,3.4300,1014.1448,-1.3243,0.1104,9.7162,1606507068,N
0,2143921,-0.7609,-0.0598,9.7747,-0.9100,1.8200,3.9200,1014.1441,-1.6044,0.0865,9.6741,1606507068,N
0,2143585,-0.6987,-0.0215,9.7723,-3.0100,-2.5200,2.3800,1014.1434,-1.9901,0.0629,9.6024,1606507068,N
0,2189309,-0.6628,-0.0072,9.7651,-1.8900,-1.9600,2.8000,1014.1429,-2.2395,0.0486,9.5474,1606507068,N
0,2189967,-0.7131,-0.0670,10.0020,-0.7000,0.5600,4.6900,1014.1428,-2.8583,0.0304,9.3808,1606507068,N
0,2190667,-0.7681,-0.0909,9.7866,-1.1900,-2.5900,1.6100,1014.1431,-4.7427,-0.0006,8.5835,1606507069,N
0,2191044,-0.6341,-0.0263,9.7675,-1.5400,-0.7000,2.6600,1014.1442,-5.3697,-0.0175,8.2059,1606507069,N
0,2191541,-0.6532,-0.0909,9.7388,-2.7300,-1.0500,3.2900,1014.1447,-2.8930,-0.0895,9.3698,1606507069,N
0,2189292,-0.7585,-0.2680,9.8034,-1.4700,-0.7700,3.0100,1014.1459,-1.2428,-0.1400,9.7266,1606507069,N
0,2186693,-0.7968,-0.2369,9.8082,-2.1700,-1.3300,2.3100,1014.1467,-1.0858,-0.1755,9.7448,1606507069,N
0,2185235,-0.8303,-0.1292,9.7843,-1.1200,-0.2800,3.1500,1014.1467,-1.0755,-0.1747,9.7459,1606507069,N
0,2184051,-0.7466,-0.1268,9.8297,-0.9100,-0.2800,3.7100,1014.1464,-1.0385,-0.1717,9.7500,1606507069,N
0,2183557,-0.6939,-0.2082,9.9039,-2.1000,-1.6100,3.7800,1014.1464,-0.9721,-0.1950,9.7564,1606507069,N
0,2183454,-0.7585,-0.1340,9.8800,-1.1900,-3.0100,2.4500,1014.1451,-0.9390,-0.1903,9.7597,1606507069,N
0,2183590,-0.7609,-0.1244,9.8441,-0.9800,-1.0500,3.0100,1014.1446,-0.9322,-0.1841,9.7605,1606507069,N
0,2184197,-0.7705,-0.1819,9.8584,-0.9800,-1.1900,2.3800,1014.1450,-0.9045,-0.1900,9.7630,1606507070,N
0,2184892,-0.6963,-0.1675,9.8106,-0.9800,-1.1200,3.5700,1014.1453,-0.8741,-0.1921,9.7657,1606507070,N
0,2182884,-0.7466,-0.2321,9.8680,-1.8900,-0.4200,3.1500,1014.1454,-0.8757,-0.2146,9.7651,1606507070,N
0,2180437,-0.7442,-0.2273,9.8034,-1.1900,-1.7500,2.0300,1014.1463,-0.8492,-0.2249,9.7672,1606507070,N
0,2178922,-0.7657,-0.2177,9.8608,-1.5400,-2.1700,2.4500,1014.1470,-0.8407,-0.2336,9.7678,1606507070,N
0,2178008,-0.7872,-0.2177,9.8943,-1.3300,-1.1900,2.8000,1014.1479,-0.8446,-0.2394,9.7673,1606507070,N
0,2177468,-0.7537,-0.2608,9.8800,-2.1000,-0.5600,2.8000,1014.1487,-0.8530,-0.2599,9.7660,1606507070,N
0,2177372,-0.6987,-0.1436,9.8417,-0.4200,-1.1200,2.3100,1014.1484,-0.8299,-0.2383,9.7686,1606507070,N
0,2177636,-0.7777,-0.2369,9.8584,-0.2800,-1.4000,2.3800,1014.1474,-0.8101,-0.2374,9.7703,1606507070,N
0,2178340,-0.7202,-0.2632,9.8034,-0.9100,-1.0500,2.8000,1014.1461,-0.7945,-0.2479,9.7713,1606507070,N
0,2179210,-0.7705,-0.1938,9.9446,-2.3100,-0.4200,2.5200,1014.1450,-0.8291,-0.2561,9.7682,1606507071,N
0,2179794,-0.7418,-0.3039,9.8034,-2.6600,-0.4200,2.5900,1014.1443,-0.8442,-0.2873,9.7660,1606507071,N
0,2177959,-0.7920,-0.3565,9.8345,-1.6800,-0.7700,2.3100,1014.1432,-0.8447,-0.3127,9.7652,1606507071,N
0,2176070,-0.7848,-0.2871,9.9087,-1.1900,-1.3300,1.7500,1014.1431,-0.8350,-0.3148,9.7660,1606507071,N
0,2175308,-0.6820,-0.3326,9.7914,-0.7700,-1.2600,2.1700,1014.1423,-0.7962,-0.3222,9.7690,1606507071,N
0,2174809,-0.7920,-0.3446,9.8608,-1.0500,-0.1400,3.3600,1014.1417,-0.8077,-0.3335,9.7676,1606507071,N
0,2174756,-0.7466,-0.3326,9.8704,-1.3300,-2.0300,3.0100,1014.1404,-0.7925,-0.3399,9.7687,1606507071,N
0,2174948,-0.7753,-0.2776,9.7627,-1.1900,-1.8200,2.9400,1014.1398,-0.7920,-0.3342,9.7689,1606507071,N
0,2175505,-0.8088,-0.3709,9.8656,-0.2800,-1.8900,2.5200,1014.1390,-0.7807,-0.3384,9.7697,1606507071,N
0,2176553,-0.8016,-0.2728,9.8201,0.2800,-2.5900,2.0300,1014.1389,-0.7611,-0.3177,9.7719,1606507071,N
0,2177424,-0.7944,-0.2919,9.8560,-0.7000,-1.4700,3.9900,1014.1392,-0.7671,-0.3145,9.7715,1606507072,N
0,2177469,-0.7394,-0.3733,9.8848,-0.6300,-1.4000,3.4300,1014.1398,-0.7551,-0.3267,9.7721,1606507072,N
0,2176120,-0.7322,-0.2824,9.7388,-0.4200,-2.5900,2.7300,1014.1395,-0.7359,-0.3164,9.7739,1606507072,N
0,2175220,-0.7202,-0.2919,9.8752,-0.3500,-1.9600,3.0100,1014.1398,-0.7207,-0.3096,9.7752,1606507072,N
0,2175138,-0.6963,-0.1866,9.7914,-1.4000,-1.8200,2.1700,1014.1399,-0.7238,-0.2943,9.7755,1606507072,N
0,2174979,-0.7107,-0.3015,9.9015,-1.4700,-0.5600,3.0100,1014.1398,-0.7342,-0.3060,9.7743,1606507072,N
0,2175323,-0.6796,-0.2800,9.8536,-0.9100,-1.4000,3.0100,1014.1400,-0.7227,-0.3051,9.7752,1606507072,N
0,2176003,-0.7322,-0.3829,9.8345,-1.0500,-1.5400,3.0800,1014.1403,-0.7222,-0.3247,9.7746,1606507072,N
0,2176858,-0.7585,-0.3422,9.8800,-0.4200,-1.1900,2.5200,1014.1406,-0.7235,-0.3278,9.7744,1606507072,N
0,2177804,-0.7346,-0.2752,9.9254,0.1400,-2.4500,3.0800,1014.1409,-0.7040,-0.3099,9.7764,1606507072,N
0,2179023,-0.6772,-0.2536,9.8393,-1.1900,-3.2900,4.2700,1014.1415,-0.6875,-0.3021,9.7779,1606507073,N
0,2178105,-0.6245,-0.3494,9.8560,-1.2600,-1.9600,3.4300,1014.1420,-0.6686,-0.3170,9.7787,1606507073,N
0,2176671,-0.7131,-0.3206,9.9589,-0.0700,-2.8700,2.5900,1014.1418,-0.6515,-0.3107,9.7800,1606507073,N
0,2176044,-0.5288,-0.1172,9.8225,-1.8900,-5.3900,1.8200,1014.1408,-0.6130,-0.2790,9.7835,1606507073,N
0,2175878,-1.2203,0.1316,9.7866,-3.3600,-12.3900,17.2200,1014.1400,-0.6889,-0.2262,9.7798,1606507073,N
0,2174531,-0.3805,-1.0768,9.9350,8.5400,0.5600,11.6200,1014.1381,-0.5468,-0.2780,9.7874,1606507073,N
0,2174645,-0.1196,-0.6030,9.5474,6.7200,-8.3300,-4.4800,1014.1373,-0.3213,-0.2524,9.7981,1606507073,N
0,2175606,-0.3230,-0.2177,10.2341,-6.6500,-5.7400,-6.3700,1014.1371,-0.3082,-0.2875,9.7976,1606507073,N
0,2176693,-0.0646,-0.3589,9.9709,2.2400,-8.0500,2.2400,1014.1368,-0.1587,-0.2392,9.8024,1606507073,N
0,2177337,-0.1388,-0.6293,9.8584,3.3600,-6.2300,3.9900,1014.1370,-0.0920,-0.2255,9.8036,1606507073,N
0,2177579,-0.1890,-0.6030,9.3512,1.1900,-4.3400,2.0300,1014.1374,-0.0757,-0.2442,9.8033,1606507074,N
0,2175737,-1.7731,2.0794,9.3057,-6.8600,-14.4200,-40.1800,1014.1368,-0.3228,-0.1386,9.8004,1606507074,N
0,2198159,0.0359,-0.9667,9.9637,-23.9400,7.9100,0.2100,1014.1357,-0.2737,-0.4260,9.7936,1606507074,N
0,2210476,0.7394,-2.1057,9.3272,-59.5000,-59.8500,12.8800,1014.1356,0.2364,-0.6089,9.7849,1606507074,N
0,2245307,1.3998,-2.7733,8.1165,-62.1600,-100.7300,35.9100,1014.1362,1.1342,-0.3387,9.7350,1606507074,N
0,2094445,3.8859,-4.7210,10.2413,-75.3200,-92.6100,33.3900,1014.1376,1.9214,-0.3390,9.6106,1606507074,N
0,2098641,4.2999,-4.4291,7.9513,-77.7000,-110.9500,42.6300,1014.1395,2.8239,-0.2810,9.3871,1606507074,N
0,2115310,4.8191,-5.5131,5.1254,-98.1400,-120.9600,45.8500,1014.1414,3.8486,-1.3836,8.9132,1606507074,N
0,2126580,5.6495,-7.3531,3.2734,-115.2900,-128.8000,30.3800,1014.1432,5.1518,-3.4474,7.5990,1606507074,N
0,2125389,6.4654,-8.1093,0.7083,-104.1600,-117.3200,29.8200,1014.1451,2.9999,-9.1044,2.0692,1606507074,N
0,2124812,7.7551,-8.7912,-1.8855,-73.9900,-63.6300,-10.7100,1014.1476,3.6513,-9.0444,1.0180,1606507074,N
0,2122830,5.9438,-7.1186,-2.9767,-42.2800,-81.6200,-8.1900,1014.1502,1.8658,-9.6270,-0.1016,1606507075,N
0,2114525,5.2618,-7.1450,-4.5535,-27.0200,-52.9900,4.4100,1014.1536,3.6296,-9.0273,-1.2262,1606507075,N
0,2114138,4.1204,-7.8580,-4.9962,25.3400,-53.9000,10.1500,1014.1574,3.3620,-9.0388,-1.7796,1606507075,N
0,2114681,4.6301,-7.5206,-4.3693,8.1200,-2.1000,0.3500,1014.1622,3.6805,-8.8122,-2.2290,1606507075,N
0,2119076,4.7378,-7.4321,-4.5129,-4.1300,-6.7900,1.4700,1014.1665,3.9535,-8.5508,-2.7247,1606507075,N
0,2123532,4.7450,-7.4752,-4.2664,16.9400,-4.2700,1.6800,1014.1705,4.0568,-8.4365,-2.9222,1606507075,N
0,2127224,4.7163,-7.7097,-4.0582,6.2300,-4.2700,2.8000,1014.1747,4.1419,-8.3275,-3.1093,1606507075,N
0,2132719,4.7186,-7.7575,-3.8716,7.2100,-3.3600,3.0800,1014.1783,4.2020,-8.2568,-3.2153,1606507075,N
0,2137770,4.4483,-7.8461,-4.1731,12.4600,-11.4800,2.1700,1014.1815,4.1538,-8.2304,-3.3430,1606507075,N
0,2143069,4.9244,-7.7551,-3.6730,3.2900,-4.9000,2.5200,1014.1844,4.2543,-8.1557,-3.3994,1606507076,N
0,2147504,4.7761,-7.6834,-3.6323,5.9500,-2.1000,2.3100,1014.1873,4.3226,-8.1125,-3.4165,1606507076,N
0,2151836,4.7163,-7.7886,-3.6299,3.0800,-0.7700,2.7300,1014.1908,4.3705,-8.0775,-3.4384,1606507076,N
0,2156987,4.7641,-7.8197,-3.4935,-2.6600,-5.5300,3.9200,1014.1940,4.4082,-8.0378,-3.4831,1606507076,N
0,2166303,4.5799,-7.9179,-3.6682,11.8300,-0.2800,2.1000,1014.1967,4.3864,-8.0714,-3.4325,1606507076,N
0,2172791,4.6804,-7.8437,-3.3021,4.9000,-0.5600,2.0300,1014.1990,4.4208,-8.0755,-3.3783,1606507076,N
0,2179670,4.4243,-8.1356,-3.4241,-0.8400,-9.1000,3.7100,1014.2015,4.3570,-8.0951,-3.4143,1606507076,N
0,2186746,4.7378,-8.0758,-3.2662,-4.8300,5.6000,0.8400,1014.2037,4.4524,-8.0533,-3.3898,1606507076,N
0,2193738,4.7402,-7.7839,-3.9194,-10.0800,-0.2100,0.6300,1014.2053,4.5284,-7.9385,-3.5558,1606507076,N
0,2200774,4.7785,-7.8102,-3.5007,2.8000,-3.8500,2.3800,1014.2064,4.5381,-7.9413,-3.5371,1606507076,N
0,2204725,4.6564,-8.0136,-3.4648,1.1200,-2.8700,2.5900,1014.2067,4.5203,-7.9612,-3.5151,1606507077,N
0,2209077,4.6612,-7.9585,-3.3787,1.0500,-7.7700,3.2200,1014.2074,4.4901,-7.9838,-3.5025,1606507077,N
0,2218210,4.6923,-7.9848,-3.5533,-5.9500,-12.6000,-4.7600,1014.2084,4.5213,-7.9227,-3.6000,1606507077,N
0,2231804,4.7450,-7.5900,-3.5127,-5.7400,-0.6300,-5.0400,1014.2094,4.6335,-7.8359,-3.6468,1606507077,N
0,2242404,4.5870,-7.9872,-3.6371,-2.8000,-17.0800,6.0900,1014.2108,4.5126,-7.8762,-3.7110,1606507077,N
0,2254042,4.5200,-7.9346,-3.8644,-21.4200,-3.9900,5.2500,1014.2114,4.5077,-7.7958,-3.8829,1606507077,N
0,2261994,4.7665,-7.5254,-3.8477,11.2000,9.8000,-0.4900,1014.2118,4.5843,-7.8046,-3.7739,1606507077,N
0,2267482,4.4076,-7.8102,-4.0271,37.5900,16.7300,-0.3500,1014.2116,4.5107,-7.9704,-3.5067,1606507077,N
0,2266962,4.9268,-7.9250,-3.2231,4.2000,6.5100,2.5900,1014.2115,4.5801,-7.9815,-3.3896,1606507077,N
0,2268641,4.9316,-8.1021,-2.8211,11.9700,7.7700,6.3000,1014.2115,4.5860,-8.0754,-3.1506,1606507077,N
0,2265543,4.9244,-8.3605,-2.1990,77.2100,13.3700,6.3000,1014.2114,4.2973,-8.4965,-2.3479,1606507078,N
0,2265552,5.1087,-8.5113,-1.0672,9.1000,-3.8500,4.4100,1014.2114,4.3058,-8.5757,-2.0216,1606507078,N
0,2268996,4.9340,-8.5161,-0.9165,12.2500,-15.4000,10.0800,1014.2120,4.1646,-8.7077,-1.7330,1606507078,N
0,2271704,4.7665,-8.7218,-0.6820,16.8700,-2.3800,3.3600,1014.2115,4.0433,-8.8259,-1.3880,1606507078,N
0,2274145,4.8048,-8.5639,-0.2704,16.7300,6.7200,-4.0600,1014.2117,3.9767,-8.9061,-1.0184,1606507078,N
0,2279391,5.1063,-8.2768,-0.5647,2.0300,-10.0800,4.9700,1014.2117,4.0108,-8.8996,-0.9389,1606507078,N
0,2283086,4.8096,-8.6046,-0.1172,64.4700,7.0000,3.9900,1014.2115,2.9050,-9.3641,-0.2130,1606507078,N
0,2294793,4.8359,-8.4658,1.1486,18.9000,-6.3000,10.5700,1014.2107,1.7849,-9.6402,0.2270,1606507078,N
0,2304202,5.1254,-8.1787,1.0816,-15.1200,-8.9600,-1.6800,1014.2094,1.4477,-9.6960,0.2487,1606507078,N
0,2306095,4.8000,-8.5448,0.4642,-12.8100,-5.6000,5.0400,1014.2072,1.3661,-9.7094,0.1756,1606507078,N
0,2307292,4.9508,-8.4873,-0.0431,-64.4000,-6.8600,-5.5300,1014.2051,5.4976,-8.1116,-0.3859,1606507079,N
0,2307925,5.1254,-8.4299,-1.4261,-25.1300,-10.2200,5.7400,1014.2043,5.5205,-8.0679,-0.7769,1606507079,N
0,2308504,5.1805,-8.4945,-0.7250,26.2500,9.1700,-3.5000,1014.2040,5.0657,-8.3776,-0.5693,1606507079,N
0,2305836,4.8909,-8.5950,-1.1414,-12.1100,-8.4700,2.1000,1014.2028,5.1016,-8.3382,-0.7863,1606507079,N
0,2308707,4.9819,-7.9657,-3.0580,-71.8900,0.8400,-8.9600,1014.2020,5.8061,-7.7278,-1.6558,1606507079,N
0,2312682,5.0752,-8.1356,-1.5625,-18.2000,-10.5700,-0.5600,1014.2017,5.7108,-7.7679,-1.7936,1606507079,N
0,2319122,5.1063,-7.9490,-2.6273,-14.2100,-5.9500,-1.2600,1014.2010,5.6043,-7.7769,-2.0691,1606507079,N
0,2318692,5.2834,-8.0830,-1.9693,-24.2900,1.0500,1.6100,1014.2011,5.6658,-7.6994,-2.1883,1606507079,N
0,2319432,4.9723,-7.9848,-2.7781,-15.6800,-4.3400,1.8200,1014.2012,5.5407,-7.7211,-2.4196,1606507079,N
0,2320435,4.9531,-8.0231,-3.4170,-79.5900,7.8400,10.5700,1014.2017,5.6513,-7.4184,-3.0332,1606507079,N
0,2323668,5.1781,-7.7958,-3.7208,20.3700,11.5500,-8.8900,1014.2025,5.5683,-7.4979,-2.9911,1606507080,N
0,2326070,7.0134,-7.4991,-2.9216,125.7900,37.4500,-7.4200,1014.2025,5.4053,-7.9255,-2.0343,1606507080,N
0,2318555,6.3410,-6.7813,0.3159,98.6300,110.8800,-34.5100,1014.2020,5.3595,-8.1940,-0.5512,1606507080,N
0,2305528,6.9631,-7.2646,2.5460,112.2800,136.4300,-62.6500,1014.2018,7.0826,-6.6786,1.1847,1606507080,N
0,2308153,7.2191,-4.9220,4.6923,133.1400,166.6000,-128.9400,1014.2018,7.4320,-5.4605,3.3343,1606507080,N
0,2321328,4.3860,-0.6317,7.7432,116.5500,152.6000,-141.5400,1014.2015,7.4011,-3.4128,5.4540,1606507080,N
0,2331791,2.1846,2.1703,8.1906,97.2300,107.7300,-106.0500,1014.2009,7.4619,-1.5185,6.1793,1606507080,N
0,2335408,1.1246,1.8855,10.0905,-10.2200,81.7600,-55.3700,1014.2000,7.4031,-0.1317,6.4302,1606507080,N
0,2340654,-0.0766,5.1422,10.3035,105.3500,31.0100,-31.2900,1014.1976,5.8408,0.9806,7.8163,1606507080,N
0,2343156,-0.0742,4.5296,8.6333,35.7700,-17.0100,17.5700,1014.1944,1.7364,0.9144,9.6083,1606507080,N
0,2344384,-0.2393,3.0748,7.9729,3.9900,-21.9100,21.2800,1014.1910,1.8775,1.2719,9.5408,1606507080,N
0,2344953,-0.4594,3.1059,7.9561,-29.2600,-12.2500,25.4100,1014.1865,1.6903,1.2264,9.5817,1606507081,N
0,2345143,0.2201,4.9555,8.5424,-19.6000,20.0900,3.5700,1014.1821,1.3379,1.5541,9.5898,1606507081,N
0,2345093,1.1079,4.7904,9.2315,-10.7800,1.6800,17.9200,1014.1783,1.3450,1.9189,9.5226,1606507081,N
0,2345331,1.0337,3.3356,9.6718,-25.5500,-8.1200,30.7300,1014.1745,1.3374,1.9072,9.5260,1606507081,N
0,2346580,1.4285,2.6417,9.7579,-20.3000,-8.7500,18.7600,1014.1703,1.3927,1.8664,9.5261,1606507081,N
0,2347186,0.5623,2.6106,9.2818,-23.9400,-4.6200,-1.2600,1014.1666,1.2240,1.8461,9.5532,1606507081,N
0,2347323,0.5647,2.2325,9.8321,-20.0900,6.4400,-1.1200,1014.1633,0.9954,1.6981,9.6071,1606507081,N
0,2348265,0.5312,2.1631,9.8824,-15.6800,4.2000,5.8800,1014.1603,0.8440,1.5928,9.6396,1606507081,N
0,2348708,0.6676,2.0267,9.8225,-8.0500,0.5600,9.7300,1014.1578,0.7970,1.5712,9.6471,1606507081,N
0,2349113,0.6293,1.8353,9.7220,-2.0300,0.2100,8.3300,1014.1550,0.7655,1.5830,9.6477,1606507082,N
0,2349753,0.7394,1.6175,9.9470,-4.2000,0.8400,2.8700,1014.1531,0.7426,1.5276,9.6584,1606507082,N
0,2349569,0.4905,1.7037,9.9135,-5.3900,0.0700,-0.7000,1014.1519,0.6802,1.5108,9.6657,1606507082,N
0,2347095,0.4666,1.3472,9.6455,-26.5300,5.7400,-3.7800,1014.1504,0.5379,1.1893,9.7194,1606507082,N
0,2344379,0.3374,1.3400,9.9709,-32.6900,6.2300,-5.9500,1014.1501,0.3867,0.8574,9.7614,1606507082,N
0,2342868,0.6269,0.2800,9.7962,-90.8600,10.6400,-14.0000,1014.1495,1.0572,0.6900,9.7251,1606507082,N
0,2340321,0.3852,-3.6060,9.6550,-238.7000,38.0800,-27.9300,1014.1490,2.3173,-0.3902,9.5209,1606507082,N
0,2334564,-1.2969,-4.4124,9.5713,-138.6000,11.6900,-26.2500,1014.1490,2.6267,-1.1265,9.3809,1606507082,N
0,2333248,-1.2227,-6.6592,7.9346,-111.8600,-20.5800,-10.0800,1014.1484,3.7984,-1.3797,8.9353,1606507083,N
0,2323026,-1.3543,-5.9414,4.8598,-102.3400,-46.9000,-7.7000,1014.1474,4.8045,-1.4712,8.4216,1606507083,N
0,2313788,0.3972,-8.7506,3.0604,-52.2200,-59.8500,19.6000,1014.1469,6.1311,-2.1508,7.3453,1606507083,N
0,2309200,0.3206,-9.1143,3.0078,-10.5700,-33.8800,28.7700,1014.1466,6.2042,-3.4442,6.7688,1606507083,N
0,2302542,0.3637,-9.6766,3.5438,19.0400,-48.0900,30.2400,1014.1466,5.8284,-4.5290,6.4567,1606507083,N
0,2293982,0.5982,-9.3942,3.8118,7.4900,-57.3300,19.1800,1014.1469,5.3481,-5.4130,6.1861,1606507083,N
0,2284938,1.3615,-9.2889,3.6395,15.3300,-47.0400,16.3800,1014.1484,4.9253,-6.0889,5.9023,1606507083,N
0,2277128,0.8423,-9.6479,3.9338,-4.0600,-30.5200,28.7000,1014.1507,4.2086,-6.8107,5.6632,1606507083,N
0,2271956,0.1795,-9.6503,3.4672,35.9100,-35.4900,26.4600,1014.1521,3.4550,-7.2171,5.6698,1606507083,N
0,2268874,-0.0526,-8.9779,4.0582,37.0300,-23.5900,14.7000,1014.1531,2.7829,-7.3948,5.8088,1606507083,N
0,2267563,-0.0335,-8.8080,4.8263,-0.9100,-18.1300,-1.4700,1014.1537,2.3083,-7.5996,5.7522,1606507083,N
0,2265904,-0.1531,-9.2172,4.1204,-2.8000,-12.5300,-8.1900,1014.1541,1.9103,-7.7715,5.6679,1606507083,N
0,2265881,0.8518,-8.9396,4.8742,27.0200,8.0500,-7.3500,1014.1534,1.7130,-7.6490,5.8931,1606507084,N
0,2259797,0.1196,-7.4034,6.2477,30.8000,7.0700,-5.8100,1014.1533,1.3900,-7.2825,6.4190,1606507084,N
0,2250295,0.8327,-7.3819,6.0203,23.3100,3.2900,-2.9400,1014.1533,1.2802,-7.1105,6.6311,1606507084,N
0,2244107,1.1366,-8.0207,5.6662,20.0200,12.1800,-5.8800,1014.1529,1.2274,-6.9968,6.7608,1606507084,N
0,2239996,0.3111,-8.2217,6.7741,36.4000,20.7900,-18.3400,1014.1529,0.9978,-6.3800,7.3804,1606507084,N
0,2235993,-0.9811,-6.0179,8.1284,18.5500,4.5500,-14.6300,1014.1528,0.6104,-5.6942,7.9608,1606507084,N
0,2235709,0.2991,-6.0419,6.9846,-59.2900,-20.5100,14.0000,1014.1522,0.6339,-6.7804,7.0565,1606507084,N
0,2236709,0.7825,-8.3510,5.7045,-38.6400,-8.7500,13.9300,1014.1521,0.6336,-7.6831,6.0613,1606507084,N
0,2238004,0.8183,-8.0638,5.7739,-15.9600,-5.9500,5.1800,1014.1522,0.6570,-7.9828,5.6580,1606507084,N
0,2243908,0.8255,-7.9226,5.6375,4.4100,-1.1200,1.6800,1014.1531,0.6861,-7.9913,5.6425,1606507084,N
0,2248324,0.6173,-7.8748,5.8002,7.0000,-1.6800,2.4500,1014.1534,0.6648,-7.9883,5.6494,1606507085,N
0,2245586,0.8925,-8.3318,5.7284,25.9700,7.0000,-4.1300,1014.1539,0.7095,-7.7243,6.0001,1606507085,N
0,2242266,0.8112,-7.0828,6.3984,20.9300,14.1400,-5.6700,1014.1541,0.7070,-7.2328,6.5846,1606507085,N
0,2240277,0.5408,-7.5829,6.8842,11.9000,11.2000,-2.7300,1014.1545,0.6285,-6.9152,6.9250,1606507085,N
0,2238158,0.5121,-7.3914,6.7717,17.5000,6.1600,-2.1000,1014.1549,0.5801,-6.6869,7.1498,1606507085,N
0,2238535,0.3852,-6.8746,7.5517,28.4900,7.1400,-5.4600,1014.1547,0.5160,-6.1804,7.5965,1606507085,N
0,2245619,0.6102,-6.0586,7.2048,46.1300,-12.1800,-2.9400,1014.1550,0.6158,-6.1237,7.6349,1606507085,N
0,2258424,0.2536,-5.1135,8.0806,14.7000,-5.6000,1.1200,1014.1547,0.5708,-6.0289,7.7134,1606507085,N
0,2268196,0.8614,-6.4965,7.7169,-10.0800,-14.5600,8.4700,1014.1550,0.6646,-6.5767,7.2440,1606507085,N
0,2272701,1.0169,-6.2429,7.7288,-9.7300,-5.4600,6.4400,1014.1545,0.7303,-6.7093,7.1149,1606507085,N
0,2271398,0.9906,-6.2046,7.6068,-13.1600,3.5700,4.9700,1014.1541,0.7422,-6.6963,7.1260,1606507086,N
0,2266941,0.5384,-7.0325,7.6379,-9.9400,-4.9000,1.8200,1014.1530,0.7099,-6.8685,6.9635,1606507086,N
0,2262205,0.9093,-6.3314,7.4704,3.9900,-3.3600,-0.5600,1014.1520,0.7708,-6.7529,7.0693,1606507086,N
0,2259387,0.8183,-6.0897,7.7527,23.0300,0.2100,0.1400,1014.1505,0.7799,-6.4518,7.3441,1606507086,N
0,2258303,0.7801,-6.1161,7.9561,11.6900,-4.6200,1.7500,1014.1490,0.7938,-6.3700,7.4137,1606507086,N
0,2257665,0.9954,-5.7906,7.9657,5.3200,-10.2200,2.1700,1014.1474,0.8801,-6.3576,7.4146,1606507086,N
0,2257316,1.0169,-5.6997,7.4345,-3.5000,-3.1500,7.0700,1014.1464,0.9032,-6.4199,7.3579,1606507086,N
0,2256266,1.1055,-6.7693,8.3868,-21.6300,-5.2500,-0.6300,1014.1461,0.9483,-6.6007,7.1904,1606507086,N
0,2247460,1.2778,-6.4056,7.6331,2.5200,-11.8300,-10.5000,1014.1462,1.1183,-6.4955,7.2615,1606507086,N
0,2236383,1.3065,-5.3192,8.8295,99.4700,-3.0800,-12.2500,1014.1467,1.1984,-5.3718,8.1165,1606507086,N
0,2224238,1.5529,-4.7904,9.1908,145.4600,-20.4400,-29.1200,1014.1465,1.3913,-3.9585,8.8637,1606507087,N
0,2219824,2.4598,-1.9597,9.6024,110.9500,-23.1000,-33.6000,1014.1463,1.6750,-2.3830,9.3641,1606507087,N
0,2216824,2.7350,0.3230,9.1549,42.7000,-23.7300,-20.3700,1014.1453,1.9003,-1.3327,9.5280,1606507087,N
0,2215418,2.9312,0.1364,9.5378,8.4000,-15.8200,-11.2000,1014.1441,2.0385,-0.9244,9.5478,1606507087,N
0,2214307,3.2160,0.3781,9.2291,5.8100,-13.6500,-7.0700,1014.1422,5.7857,-1.6940,7.7348,1606507087,N
0,2214186,3.3069,0.7561,9.2507,6.8600,-5.6000,-0.9100,1014.1401,6.2684,-1.1780,7.4491,1606507087,N
0,2214193,3.3811,0.6820,9.3894,-1.7500,2.6600,8.6100,1014.1386,6.4560,-0.8269,7.3353,1606507087,N
0,2212399,3.5079,0.2273,9.6526,-2.4500,-0.1400,4.5500,1014.1371,6.5252,-0.6383,7.2928,1606507087,N
0,2208951,3.3667,0.4666,9.4158,-1.1200,-4.2000,-0.3500,1014.1367,6.8659,-0.4166,6.9897,1606507087,N
0,2206575,3.3523,0.4355,9.4158,-0.6300,-3.2900,1.8200,1014.1357,7.2088,-0.2462,6.6440,1606507087,N
0,2205740,3.4026,0.3757,9.5426,-0.1400,-3.2200,-0.2100,1014.1344,7.4989,-0.1049,6.3187,1606507088,N
0,2205886,3.3835,0.4618,9.3559,2.2400,-1.6800,0.9100,1014.1333,7.2863,0.0610,6.5632,1606507088,N
0,2205717,3.3978,0.6126,9.3488,9.3100,0.3500,3.5000,1014.1326,6.0543,0.2710,7.7099,1606507088,N
0,2206168,3.2997,0.3829,9.3966,-6.5100,1.7500,5.3900,1014.1314,5.3170,0.2623,8.2360,1606507088,N
0,2207883,3.3093,0.3063,9.5880,-3.5000,-1.4000,1.0500,1014.1300,4.6133,0.2555,8.6500,1606507088,N
0,2209029,3.3571,0.9212,9.3392,0.5600,-3.5700,3.5000,1014.1290,4.0342,0.3893,8.9299,1606507088,N
0,2206821,3.3619,0.5838,9.3248,1.1900,-0.8400,3.9900,1014.1277,3.9324,0.4296,8.9734,1606507088,N
0,2203864,3.5127,0.6102,9.2865,4.6200,-0.1400,0.9800,1014.1267,3.9416,0.4973,8.9659,1606507088,N
0,2201511,3.3811,1.0385,9.3655,3.7800,-2.2400,1.7500,1014.1257,3.8422,0.6289,9.0007,1606507088,N
0,2200477,3.3212,0.9117,9.3799,-1.9600,-1.1200,2.9400,1014.1252,3.6784,0.6636,9.0664,1606507088,N
68,2200255,3.4026,0.6915,9.4899,-2.0300,-1.3300,3.8500,1014.1248,3.6017,0.6433,9.0986,1606507089,N
68,2200382,3.3547,0.7250,9.4205,0.5600,-1.8900,2.8000,1014.1251,3.5821,0.6573,9.1053,1606507089,N
68,2200926,3.4409,0.6652,9.4086,0.7700,-2.1000,3.2900,1014.1249,3.5990,0.6571,9.0987,1606507089,N
68,2202362,3.4146,0.7705,9.3823,0.7700,-1.5400,3.2900,1014.1248,3.5975,0.6777,9.0978,1606507089,N
68,2203983,3.4505,0.7585,9.4301,-2.2400,-0.9100,3.7100,1014.1249,3.5402,0.6661,9.1211,1606507089,N
68,2203332,3.4720,0.7609,9.3775,-0.3500,0.4900,4.5500,1014.1253,3.5351,0.6701,9.1227,1606507089,N
68,2200825,3.4170,0.7250,9.4445,-3.4300,5.1100,5.8800,1014.1248,3.4279,0.6360,9.1660,1606507089,N
68,2199275,3.1777,0.6796,9.9350,21.9100,3.9900,5.7400,1014.1246,3.7672,0.7945,9.0193,1606507089,N
68,2198948,2.7254,0.9428,9.6263,32.2000,12.6700,-0.4900,1014.1239,3.8410,1.0622,8.9604,1606507089,N
68,2199865,2.1009,1.3304,9.1549,15.7500,9.5900,4.2700,1014.1232,3.4661,1.2513,9.0879,1606507089,N
68,2203190,1.2634,0.6030,7.8078,-69.5800,9.4500,30.9400,1014.1224,2.2336,0.5160,9.5350,1606507090,N
68,2212479,2.3402,0.3182,8.0614,-133.6300,3.0800,46.4100,1014.1212,6.8271,0.0001,7.0400,1606507090,N
68,2219035,2.7039,-4.7426,9.9159,-218.4700,19.6000,67.7600,1014.1203,5.5660,-2.3051,7.7380,1606507090,N
68,2210257,3.5390,-3.4624,9.9661,23.5200,-13.0900,-13.3000,1014.1196,5.4335,-2.2464,7.8486,1606507090,N
68,2203457,3.4170,-3.7376,7.7504,-108.7800,-50.4000,24.6400,1014.1190,5.4251,-3.3185,7.4650,1606507090,N
68,2241512,1.7085,-6.2764,6.1280,-181.5800,-23.1700,13.7900,1014.1183,5.0635,-5.0690,6.6960,1606507090,N
67,2250151,3.6084,-6.7956,5.2307,-91.0000,-15.2600,27.5800,1014.1183,4.8764,-6.0580,5.9743,1606507090,N
68,2249465,3.2183,-9.8058,4.6469,-70.8400,7.4200,35.7000,1014.1189,4.4644,-6.9000,5.3506,1606507090,N
67,2244283,3.0843,-9.0114,2.5842,-70.8400,-5.6700,-9.7300,1014.1199,4.3654,-7.6440,4.3224,1606507090,N
68,2240359,3.1035,-8.9468,0.6485,-47.9500,-21.7000,7.6300,1014.1220,4.1966,-8.3489,2.9758,1606507090,N
67,2240462,2.7565,-9.4804,0.7657,36.8200,-20.0900,20.7200,1014.1246,3.9874,-8.5793,2.5819,1606507091,N
67,2239033,2.7661,-9.5330,1.4285,5.7400,-11.9700,9.2400,1014.1270,3.7390,-8.7680,2.3048,1606507091,N
68,2237337,2.3498,-9.6838,1.2730,-5.8100,-7.2100,6.0200,1014.1304,3.4150,-8.9725,2.0007,1606507091,N
67,2236204,2.5268,-9.5833,0.8997,-7.4200,-0.5600,6.3000,1014.1346,3.1541,-9.1329,1.6772,1606507091,N
68,2232770,2.6249,-9.4804,0.9547,-0.9100,0.7700,3.4300,1014.1382,3.0117,-9.2107,1.5043,1606507091,N
68,2227357,2.5866,-9.5163,0.7513,-3.5000,-1.1900,1.2600,1014.1414,2.8926,-9.2789,1.3055,1606507091,N
68,2224714,2.4144,-9.5545,1.0839,-8.8900,-0.7000,5.1800,1014.1451,2.6768,-9.3613,1.1710,1606507091,N
68,2227577,2.3163,-9.5139,0.7059,-24.6400,-3.7100,6.3000,1014.1486,2.3276,-9.4892,0.8412,1606507091,N
68,2234776,2.4215,-9.1023,0.6341,-16.4500,-5.2500,2.8000,1014.1516,2.1529,-9.5456,0.6452,1606507091,N
68,2242012,2.0913,-9.9015,0.1053,0.6300,-4.3400,4.3400,1014.1547,2.0610,-9.5737,0.5159,1606507091,N
68,2246419,2.4455,-9.6933,0.0431,-6.0900,0.5600,0.8400,1014.1573,1.9464,-9.6047,0.3640,1606507092,N
68,2250060,2.4335,-9.5617,0.1149,12.1100,3.0100,2.0300,1014.1591,2.1843,-9.5510,0.4214,1606507092,N
68,2253077,2.5005,-9.4493,0.7681,25.4100,2.5200,1.1200,1014.1611,2.6815,-9.4062,0.7090,1606507092,N
68,2252557,2.4359,-9.5833,1.0648,8.8900,0.1400,1.1900,1014.1629,2.7170,-9.3844,0.8494,1606507092,N
68,2250380,2.4359,-9.5521,0.9930,6.0200,-0.7000,4.8300,1014.1647,2.6774,-9.3892,0.9194,1606507092,N
68,2247757,2.4383,-9.5258,1.1055,11.4800,1.2600,3.7800,1014.1660,2.7018,-9.3689,1.0458,1606507092,N
68,2245449,2.3474,-9.4804,1.4189,7.7000,2.3100,3.7800,1014.1672,2.6332,-9.3728,1.1775,1606507092,N
68,2242629,2.4526,-9.5354,1.1701,-10.9900,-1.3300,-0.3500,1014.1685,2.4845,-9.4251,1.0796,1606507092,N
68,2239987,2.4072,-9.6287,0.7370,10.3600,1.6100,6.4400,1014.1696,2.5145,-9.4161,1.0886,1606507092,N
68,2238344,2.3474,-9.5737,1.3256,-10.5700,0.9100,3.2900,1014.1700,2.3295,-9.4694,1.0364,1606507092,N
68,2237585,2.3521,-9.5521,1.2275,-9.5900,-2.6600,3.2900,1014.1702,2.2160,-9.5027,0.9794,1606507093,N
68,2240662,2.3928,-9.4612,1.3017,7.4200,0.5600,0.3500,1014.1705,2.3143,-9.4654,1.1050,1606507093,N
68,2243799,2.5053,-9.3344,1.4836,1.0500,4.9700,1.2600,1014.1701,2.3403,-9.4484,1.1924,1606507093,N
68,2241929,2.3952,-9.5306,1.4381,9.2400,4.2700,1.1200,1014.1700,2.3955,-9.4177,1.3191,1606507093,N
68,2240603,2.5747,-9.2172,1.9956,13.0200,6.8600,1.5400,1014.1706,2.4961,-9.3536,1.5654,1606507093,N
68,2240996,2.3880,-9.6407,2.3306,1.4700,0.8400,0.1400,1014.1712,2.4596,-9.3386,1.7061,1606507093,N
68,2241755,2.4981,-9.3248,2.0483,-4.6200,-0.8400,-0.8400,1014.1721,2.4466,-9.3374,1.7311,1606507093,N
68,2241195,2.6297,-9.5234,1.2132,-15.8200,-6.5100,1.6100,1014.1716,2.3830,-9.3976,1.4755,1606507093,N
68,2239249,2.5077,-9.1932,2.4263,15.0500,1.4700,4.8300,1014.1716,2.4639,-9.3250,1.7730,1606507093,N
68,2237504,2.4574,-9.4804,1.6104,-15.1200,-1.1900,5.2500,1014.1718,2.3270,-9.3924,1.5930,1606507093,N
68,2234851,2.2828,-9.5186,1.8042,9.7300,0.4900,6.3000,1014.1732,2.3112,-9.3784,1.6953,1606507094,N
68,2234589,2.3880,-9.5139,1.6654,-2.6600,-1.6100,3.6400,1014.1730,2.2770,-9.3950,1.6493,1606507094,N
68,2231284,2.4455,-9.5833,1.3352,-20.1600,-5.1100,0.7000,1014.1724,2.1862,-9.4568,1.4001,1606507094,N
68,2226085,2.5053,-9.5186,1.2060,-14.2800,-3.3600,1.3300,1014.1724,2.1407,-9.4911,1.2279,1606507094,N
68,2222514,2.5771,-9.5139,0.7155,-14.4900,-3.9200,0.9800,1014.1724,2.0960,-9.5287,0.9909,1606507094,N
68,2221027,2.6871,-9.5880,0.3111,35.2100,4.4100,8.1200,1014.1728,2.4146,-9.4350,1.1492,1606507094,N
68,2217423,2.5507,-9.1765,1.5482,29.1200,13.5800,8.6800,1014.1727,2.5639,-9.3496,1.4771,1606507094,N
67,2211498,2.1703,-9.5426,2.7876,27.0200,9.3100,2.9400,1014.1732,2.5694,-9.2659,1.9268,1606507094,S
68,2210102,2.2397,-8.9611,3.1490,-16.6600,-1.4000,2.9400,1014.1739,2.4001,-9.2966,1.9957,1606507094,S
68,2211424,2.4168,-9.1597,2.0746,-94.1500,-18.4100,-5.6700,1014.1740,1.9809,-9.5300,1.1936,1606507094,S
68,2214880,2.6608,-9.3655,0.1172,-61.7400,-14.0700,-6.1600,1014.1741,1.6346,-9.6604,0.4184,1606507095,S
68,2216261,2.8092,-9.3751,-1.2084,-41.6500,-13.0200,-3.0800,1014.1739,0.8828,-9.7626,-0.2864,1606507095,S
68,2214971,2.7398,-9.4445,-1.3591,-15.6800,-3.7800,-1.1200,1014.1736,-0.2661,-9.7840,-0.6100,1606507095,S
68,2212591,2.8211,-9.2698,-1.1605,-0.2100,-1.8900,-0.3500,1014.1739,-1.6558,-9.6456,-0.6245,1606507095,S
68,2211290,2.8307,-9.3583,-1.2538,9.0300,0.4200,4.6900,1014.1746,5.2824,-8.2423,-0.5760,1606507095,S
68,2210305,2.8738,-9.3583,-1.1916,6.5800,-0.1400,4.0600,1014.1747,4.0693,-8.8949,-0.7005,1606507095,S
68,2209985,2.8427,-9.3392,-0.9739,11.8300,1.2600,0.9100,1014.1748,3.4061,-9.1716,-0.6718,1606507095,S
68,2208700,2.8259,-9.3894,-0.8853,7.4900,-0.4200,3.6400,1014.1745,3.0401,-9.3006,-0.6528,1606507095,S
68,2207760,2.8570,-9.4780,-0.5360,7.2800,-0.4200,3.9200,1014.1751,2.8143,-9.3771,-0.5665,1606507095,S
68,2207782,2.7015,-9.4971,-0.1842,4.9000,-1.1900,3.9900,1014.1754,2.6467,-9.4321,-0.4478,1606507095,S
68,2208724,2.7805,-9.3559,-0.2034,12.1800,1.4000,3.9200,1014.1755,2.3028,-9.5280,-0.2912,1606507096,S
68,2209394,2.7876,-9.5354,-0.2177,2.4500,-0.5600,2.4500,1014.1752,2.2620,-9.5388,-0.2546,1606507096,S
67,2205689,2.7446,-9.5210,-0.2130,4.2000,-1.1200,3.7100,1014.1749,2.1397,-9.5681,-0.2090,1606507096,S
68,2201003,2.8164,-9.5091,-0.1101,1.1200,-1.8200,3.7800,1014.1748,2.1187,-9.5733,-0.1807,1606507096,S
68,2198311,2.8331,-9.4804,0.0383,2.9400,-1.1900,2.5900,1014.1749,1.9542,-9.6093,-0.1129,1606507096,S
68,2197023,2.7781,-9.5163,0.0790,2.6600,-0.6300,2.5900,1014.1750,1.7031,-9.6575,-0.0517,1606507096,S
67,2196175,2.7781,-9.4756,0.1172,3.4300,-0.2100,3.8500,1014.1752,1.1533,-9.7386,0.0128,1606507096,S
67,2195349,2.8546,-9.4110,-0.0479,4.3400,-0.2100,3.7100,1014.1757,0.8127,-9.7728,0.0393,1606507096,S
68,2196085,2.6800,-9.5186,0.7346,30.3100,5.8100,7.9100,1014.1760,5.0431,-8.4029,0.3586,1606507096,S
67,2197290,2.6489,-9.5378,1.0648,0.9100,-1.8900,3.7100,1014.1756,3.7222,-9.0572,0.5314,1606507096,S
67,2198684,2.5292,-9.5019,0.8949,0.9100,-2.0300,5.8800,1014.1754,3.2275,-9.2402,0.6103,1606507097,S
67,2200089,2.5699,-9.6670,0.8207,-11.3400,-3.5000,3.1500,1014.1755,2.7564,-9.3952,0.5508,1606507097,S
67,2198147,2.6321,-9.5761,0.3972,-15.0500,-4.2700,1.8900,1014.1748,2.3840,-9.5046,0.3856,1606507097,S
67,2192795,2.5316,-9.6263,0.3637,-2.0300,-1.5400,4.2700,1014.1740,2.3237,-9.5206,0.3581,1606507097,S
67,2190093,2.5484,-9.5737,0.3182,-3.7800,-2.0300,2.3800,1014.1738,2.2456,-9.5410,0.3131,1606507097,S
67,2189293,2.5412,-9.5593,0.3685,0.8400,-1.2600,3.3600,1014.1733,2.3030,-9.5268,0.3274,1606507097,S
67,2188967,2.6249,-9.5306,0.4642,1.3300,-0.9100,2.8000,1014.1731,2.3859,-9.5051,0.3622,1606507097,S
67,2189657,2.5842,-9.5593,0.5288,7.5600,1.1200,3.5000,1014.1730,2.5730,-9.4521,0.4571,1606507097,S
67,2191640,2.4335,-9.5689,0.6150,20.6500,3.5700,7.0000,1014.1734,2.8672,-9.3550,0.6578,1606507097,S
67,2194669,2.4431,-9.4493,1.0481,19.4600,2.9400,9.1000,1014.1732,2.9137,-9.3217,0.8872,1606507097,S
67,2197569,2.3091,-9.6503,1.5266,7.6300,1.8200,3.5700,1014.1731,2.7318,-9.3582,1.0635,1606507098,S
67,2200108,2.4024,-9.4828,1.3759,2.1700,-1.6100,3.8500,1014.1738,2.6198,-9.3824,1.1304,1606507098,S
67,2197780,2.3378,-9.4373,1.4644,4.5500,-1.7500,3.9900,1014.1740,2.5494,-9.3904,1.2212,1606507098,S
67,2196302,2.3091,-9.6598,1.5290,-3.0100,-0.3500,-2.3800,1014.1744,2.4645,-9.4092,1.2505,1606507098,S
67,2199642,2.5507,-9.5067,0.7777,-19.6700,-9.0300,-4.9000,1014.1750,2.3731,-9.4640,0.9858,1606507098,S
67,2200647,2.4909,-9.5498,1.2778,1.0500,-1.1200,2.9400,1014.1750,2.3783,-9.4567,1.0417,1606507098,S
67,2202459,2.5699,-9.4828,1.1342,2.1700,0.9800,2.1700,1014.1746,2.4110,-9.4448,1.0742,1606507098,S
67,2204755,2.5149,-9.5306,1.1940,-0.4200,-1.4000,2.0300,1014.1740,2.4081,-9.4442,1.0857,1606507098,S
67,2205863,2.5316,-9.4995,1.3113,1.1200,-0.9800,3.0100,1014.1740,2.4142,-9.4375,1.1296,1606507098,S
67,2206920,2.5364,-9.5186,1.2826,1.4700,-1.8900,3.6400,1014.1741,2.4188,-9.4327,1.1594,1606507098,S
67,2207735,2.5603,-9.5186,1.2873,-1.3300,-1.5400,2.4500,1014.1747,2.4118,-9.4340,1.1630,1606507099,S
67,2208170,2.5196,-9.5043,1.3256,1.7500,-0.2800,2.5200,1014.1750,2.4211,-9.4268,1.2014,1606507099,S
66,2202777,2.5053,-9.4947,1.4548,5.0400,-0.0700,3.5700,1014.1748,2.4414,-9.4109,1.2828,1606507099,S
67,2198052,2.5531,-9.4445,1.4692,-3.5000,-1.8900,2.2400,1014.1743,2.4173,-9.4175,1.2795,1606507099,S
66,2195632,2.5196,-9.4708,1.4046,-1.1900,-1.9600,4.2000,1014.1737,2.3925,-9.4238,1.2797,1606507099,S
66,2196358,2.5172,-9.4564,1.2706,-6.9300,-1.6800,4.9700,1014.1723,2.3208,-9.4516,1.2047,1606507099,S
66,2202927,2.5507,-9.5545,1.0959,-16.1700,-2.7300,4.2700,1014.1718,2.1926,-9.5028,1.0289,1606507099,S
66,2206850,2.4837,-9.5785,0.8447,-1.0500,-2.0300,3.2900,1014.1704,2.2060,-9.5057,0.9725,1606507099,S
66,2214193,2.4144,-9.5569,0.9811,0.9800,-0.4200,3.2900,1014.1693,2.2228,-9.5016,0.9744,1606507099,S
66,2221461,2.4072,-9.5402,1.1294,0.1400,-1.4000,3.5700,1014.1676,2.2294,-9.4978,0.9959,1606507099,S
66,2227474,2.3952,-9.5785,1.1414,0.0700,-0.9800,3.0100,1014.1663,2.2337,-9.4947,1.0155,1606507100,S
66,2231961,2.3785,-9.5545,1.0696,0.3500,-0.9100,2.8000,1014.1663,2.2391,-9.4929,1.0209,1606507100,S
66,2229226,2.4215,-9.5593,1.0887,0.9800,-0.9800,3.1500,1014.1660,2.2541,-9.4880,1.0333,1606507100,S
66,2225773,2.4000,-9.5019,1.1581,1.8900,-0.9800,4.1300,1014.1656,2.2642,-9.4822,1.0637,1606507100,S
66,2224720,2.3474,-9.5737,1.2275,1.4700,-1.5400,3.7100,1014.1656,2.2593,-9.4797,1.0962,1606507100,S
66,2224212,2.4024,-9.5306,1.2419,-0.5600,-1.1900,2.8000,1014.1656,2.2570,-9.4786,1.1104,1606507100,S
66,2224032,2.3689,-9.5569,1.2467,0.4200,-1.8900,3.1500,1014.1664,2.2547,-9.4769,1.1290,1606507100,S
66,2224363,2.3809,-9.5928,1.2538,0.1400,-1.5400,2.2400,1014.1678,2.2580,-9.4743,1.1443,1606507100,S
66,2225233,2.3641,-9.5904,1.2443,-1.0500,-1.6100,2.4500,1014.1694,2.2461,-9.4772,1.1441,1606507100,S
66,2226251,2.3378,-9.5665,1.2969,-1.8200,-2.1700,3.2900,1014.1707,2.2204,-9.4831,1.1455,1606507100,S
66,2226871,2.3306,-9.5761,1.2706,-2.2400,-1.5400,3.1500,1014.1716,2.1945,-9.4899,1.1389,1606507101,S
66,2226867,2.3186,-9.5641,1.0337,-3.4300,-1.8200,3.0800,1014.1727,2.1643,-9.5039,1.0782,1606507101,S
66,2220474,2.3426,-9.4947,1.1677,-0.9100,-1.8200,4.0600,1014.1736,2.1594,-9.5052,1.0766,1606507101,S
66,2214045,2.3282,-9.5306,1.1701,-0.9800,-1.3300,2.8000,1014.1742,2.1604,-9.5048,1.0776,1606507101,S
66,2210120,2.2516,-9.6311,1.1940,-0.4900,-1.0500,4.7600,1014.1743,2.1283,-9.5116,1.0816,1606507101,S
66,2208920,2.3091,-9.7173,1.1677,-16.1700,-5.8100,6.3000,1014.1738,1.9732,-9.5607,0.9323,1606507101,S
65,2215985,2.1918,-9.8728,0.9500,-29.7500,-11.4100,-5.8800,1014.1738,1.7984,-9.6173,0.6655,1606507101,S
66,2214856,2.3689,-10.8730,0.8877,108.5700,-11.6900,-20.3000,1014.1735,3.1293,-9.1368,1.7018,1606507101,S
66,2206037,3.9577,-9.2746,2.5890,92.8900,-26.8800,-59.0800,1014.1721,4.4226,-8.3844,2.5125,1606507101,S
66,2205617,4.3837,-7.4489,3.3093,101.9200,-44.6600,-79.5200,1014.1710,5.6499,-7.3513,3.1950,1606507101,S
66,2201158,5.0584,-5.7500,4.7186,47.3900,-63.1400,-66.7800,1014.1700,6.4973,-6.4626,3.4914,1606507102,S
65,2196287,6.6951,-5.3336,4.1827,81.9700,-28.0000,-38.7100,1014.1688,7.0297,-5.6524,3.8476,1606507102,S
65,2187346,7.2550,-4.1085,4.5583,59.5000,-9.5900,-17.9200,1014.1679,7.2883,-5.0271,4.2167,1606507102,S
65,2180245,7.5852,-3.4193,5.1206,15.6800,-2.1700,-12.6700,1014.1663,7.4394,-4.5787,4.4566,1606507102,S
65,2176529,7.8437,-3.1825,5.7308,14.7700,-12.1100,-8.4000,1014.1647,7.5645,-4.1593,4.6528,1606507102,S
65,2174410,7.5924,-3.9218,5.1135,-1.8200,-14.7700,-3.7800,1014.1623,7.6403,-4.0640,4.6130,1606507102,S
65,2172097,7.8891,-3.2973,5.0824,2.3100,-6.5100,-0.1400,1014.1599,7.7002,-3.8859,4.6667,1606507102,S
65,2171315,7.9035,-3.3858,5.1398,0.3500,-5.6000,3.4300,1014.1580,7.7192,-3.7864,4.7166,1606507102,S
65,2171642,8.1906,-3.3906,4.9699,2.8000,-5.3900,0.2100,1014.1565,7.7785,-3.6687,4.7123,1606507102,S
65,2172947,8.2074,-3.1442,4.7737,3.9900,-11.3400,-5.5300,1014.1550,7.9090,-3.4874,4.6321,1606507102,S
65,2175884,8.3222,-3.7615,4.1133,5.1800,-10.9900,-12.6700,1014.1526,8.0707,-3.4084,4.4064,1606507103,S
65,2173888,8.0758,-2.7565,4.7976,3.9900,-16.5200,-2.7300,1014.1507,8.1621,-3.2227,4.3777,1606507103,S
65,2167027,8.4802,-3.0269,4.1013,-4.2700,-16.3100,5.3200,1014.1494,8.2652,-3.2030,4.1950,1606507103,S
65,2162497,8.4754,-2.8762,4.0702,-9.2400,-22.7500,10.0100,1014.1482,8.3656,-3.1946,3.9978,1606507103,S
66,2159428,9.0688,-3.2423,4.2090,-0.4200,-13.7900,7.2800,1014.1475,8.4129,-3.1870,3.9034,1606507103,S
66,2157703,8.8247,-3.2973,4.0774,21.6300,-18.4100,9.1000,1014.1469,8.4398,-3.1443,3.8798,1606507103,S
65,2156866,8.2528,-3.6132,3.5868,18.4100,-45.2900,10.4300,1014.1459,8.5597,-3.1693,3.5858,1606507103,S
65,2156735,8.1787,-2.7972,2.4550,3.7800,-44.5900,14.8400,1014.1448,8.7577,-3.1437,3.0967,1606507103,S
66,2157883,9.0664,-3.2088,1.6774,-10.1500,-2.1700,5.3900,1014.1434,8.8536,-3.2164,2.7273,1606507103,S
65,2158609,8.8678,-3.6897,2.3091,1.2600,11.6200,7.9100,1014.1426,8.7832,-3.3872,2.7483,1606507103,S
65,2157754,9.0209,-3.1274,2.2373,31.5000,22.2600,10.8500,1014.1417,8.7085,-3.4167,2.9425,1606507104,S
65,2153706,8.5304,-3.6323,3.5509,7.0700,27.0900,30.5200,1014.1418,8.4125,-3.7433,3.3745,1606507104,S
65,2148235,8.1069,-4.8407,4.6373,15.5400,4.2700,20.5100,1014.1416,8.1381,-4.0137,3.7192,1606507104,S
65,2146168,8.1763,-4.6875,3.9003,10.7800,-14.3500,4.4800,1014.1415,8.1314,-4.0662,3.6766,1606507104,S
65,2145739,8.4586,-4.1061,3.4816,16.9400,-9.1700,-1.1900,1014.1414,8.2083,-3.9670,3.6136,1606507104,S
64,2143922,8.4754,-4.8670,4.0152,13.3000,-11.2000,-11.1300,1014.1407,8.2457,-3.9189,3.5805,1606507104,S
65,2143778,8.7458,-4.0319,3.0269,-21.4200,-23.4500,-53.6900,1014.1402,8.6305,-3.5127,3.0571,1606507104,S
65,2147372,9.1190,-2.6321,1.7874,-14.1400,3.4300,-59.9200,1014.1406,8.9774,-2.9466,2.6259,1606507104,S
65,2149065,9.1980,-0.8901,3.4576,57.2600,18.4800,-44.8000,1014.1406,9.1436,-2.0485,2.8929,1606507104,S
64,2151998,8.7888,0.2536,4.4674,-11.9700,17.9200,-28.4200,1014.1410,9.2118,-1.4358,3.0417,1606507104,S
64,2162238,8.9563,0.2154,4.7976,-19.2500,-2.1000,-8.4700,1014.1415,9.2557,-1.0862,3.0532,1606507105,S
64,2170661,9.1932,-0.2680,3.9410,1.8900,-6.5100,0.9800,1014.1420,9.2760,-0.9075,3.0501,1606507105,S
64,2179197,9.2172,-0.5168,3.8118,3.7100,-5.2500,-4.2000,1014.1429,9.2973,-0.7749,3.0218,1606507105,S
64,2189887,9.2339,-0.1388,3.6921,-3.7800,-3.4300,-8.3300,1014.1439,9.3587,-0.5756,2.8730,1606507105,S
64,2198583,9.1956,0.9452,3.3882,11.1300,4.2700,4.4100,1014.1449,9.4017,-0.2829,2.7745,1606507105,S
64,2204967,9.2172,0.4020,3.5222,2.7300,0.1400,11.9700,1014.1451,9.3067,-0.2406,3.0818,1606507105,S
64,2209660,9.1573,-0.6030,4.0654,18.5500,5.1100,11.6900,1014.1447,8.8972,-0.3675,4.1080,1606507105,S
64,2215768,9.2243,-0.2177,4.0702,30.0300,-4.0600,5.3200,1014.1447,8.1920,-0.2879,5.3832,1606507105,S
64,2225593,9.1813,0.1196,3.7232,6.0900,-2.1700,4.6200,1014.1438,7.6106,-0.1982,6.1815,1606507105,S
64,2234573,9.1860,0.4594,3.8022,-0.8400,3.4300,9.1700,1014.1432,9.7748,-0.1850,-0.7681,1606507105,S
63,2239968,9.1310,-0.1005,3.9482,-4.6200,-1.4000,9.1000,1014.1432,7.1124,-0.1606,6.7497,1606507106,S
64,2243218,9.3344,-0.1723,3.9649,-0.9100,-3.7800,6.0900,1014.1432,7.5022,-0.2125,6.3121,1606507106,S
64,2245636,9.1143,-0.2824,3.8524,0.0700,-3.6400,5.3200,1014.1427,7.8813,-0.2713,5.8294,1606507106,S
64,2248676,9.1789,-0.3039,3.7663,3.9900,-1.1200,4.9700,1014.1418,8.0039,-0.3021,5.6583,1606507106,S
64,2251938,9.1956,-0.3733,3.8142,-0.6300,0.0700,5.3200,1014.1414,8.2527,-0.3610,5.2851,1606507106,S
64,2255865,9.1837,-0.3278,3.7735,-0.6300,2.0300,5.3900,1014.1407,8.3645,-0.3963,5.1038,1606507106,S
64,2260046,9.2195,-0.3685,3.9266,2.5900,2.3800,4.3400,1014.1411,8.3904,-0.4140,5.0596,1606507106,S
64,2264305,9.0544,-0.3924,4.2138,0.8400,-0.2800,5.3900,1014.1405,8.4016,-0.4431,5.0385,1606507106,S
64,2267991,9.0353,-0.5862,4.0271,-3.8500,-0.7000,5.4600,1014.1404,8.5469,-0.5223,4.7800,1606507106,S
64,2269970,9.1837,-0.7059,4.0510,-2.1700,0.0700,3.7100,1014.1398,8.6466,-0.5899,4.5890,1606507106,S
64,2270731,9.1837,-0.6126,4.0367,-2.5900,0.1400,2.8000,1014.1404,8.7110,-0.6196,4.4615,1606507107,S
64,2272056,9.1956,-0.5719,4.1492,-1.5400,0.4900,3.2900,1014.1403,8.7268,-0.6349,4.4283,1606507107,S
64,2273647,9.1023,-0.6126,4.0822,-8.2600,-1.6100,1.8900,1014.1402,8.8110,-0.6618,4.2543,1606507107,S
64,2275026,9.1238,-0.6126,4.1468,-6.5100,0.6300,1.3300,1014.1396,8.8504,-0.6746,4.1697,1606507107,S
64,2275108,9.0927,-0.5719,4.0319,-1.3300,-2.2400,2.3100,1014.1389,8.8605,-0.6716,4.1487,1606507107,S
64,2275603,9.0520,-0.6867,4.0175,-6.5100,-2.6600,3.2200,1014.1381,8.8876,-0.7106,4.0836,1606507107,S
64,2276355,9.0879,-0.6891,4.0534,-0.8400,-0.2100,3.4300,1014.1374,8.8688,-0.7315,4.1206,1606507107,S
64,2277385,9.1190,-0.8758,4.0654,-0.2100,-0.5600,3.6400,1014.1376,8.8527,-0.7838,4.1456,1606507107,S
64,2277633,9.1167,-0.7346,3.9697,-1.1200,-1.1900,3.0800,1014.1381,8.8579,-0.7966,4.1320,1606507107,S
64,2275750,9.0425,-0.7609,4.1515,-1.0500,-0.7000,3.5000,1014.1384,8.8395,-0.8149,4.1676,1606507107,S
64,2273817,9.0592,-0.7370,4.0152,1.4000,-1.8200,3.0100,1014.1381,8.8338,-0.8156,4.1795,1606507108,S
65,2273290,9.1238,-0.6843,4.0678,1.8200,-1.3300,3.0800,1014.1384,8.8217,-0.8045,4.2073,1606507108,S
64,2273229,9.1597,-0.7537,3.9912,3.3600,-1.7500,3.2200,1014.1387,8.8135,-0.8065,4.2239,1606507108,S
64,2273469,9.1286,-0.7513,4.0343,2.0300,-1.3300,3.4300,1014.1383,8.8051,-0.8125,4.2403,1606507108,S
64,2274063,9.0449,-0.7322,4.1013,1.1200,-0.9100,2.8000,1014.1382,8.7979,-0.8118,4.2554,1606507108,S
64,2275049,9.0808,-0.6867,4.0247,10.3600,0.2800,3.2200,1014.1385,8.7396,-0.7837,4.3791,1606507108,S
64,2276474,8.9994,-0.7513,4.1396,6.3700,1.9600,5.4600,1014.1382,8.6721,-0.7993,4.5085,1606507108,S
64,2278831,9.0377,-0.6604,4.2114,-1.1900,0.7000,6.9300,1014.1374,8.6458,-0.8218,4.5547,1606507108,S
64,2279553,9.1047,-0.7633,4.2233,-2.3100,-0.5600,5.6700,1014.1364,8.6560,-0.8529,4.5296,1606507108,S
64,2278733,9.0592,-0.9332,4.3047,-1.4000,-0.2800,4.2000,1014.1356,8.6673,-0.8977,4.4992,1606507108,S
65,2278560,9.0018,-0.8901,4.1372,-7.1400,-1.9600,4.4800,1014.1348,8.7180,-0.9437,4.3905,1606507109,S
65,2278187,8.9731,-0.9691,4.1683,-4.8300,-1.3300,4.6200,1014.1337,8.7370,-0.9912,4.3421,1606507109,S
64,2276921,9.0042,-0.8518,4.0678,-2.9400,-1.1900,4.4800,1014.1328,8.7514,-1.0010,4.3105,1606507109,S
65,2276075,9.0185,-0.8925,4.1252,-5.5300,0.1400,5.8100,1014.1313,8.7535,-1.0329,4.2989,1606507109,S
65,2275423,9.0090,-0.9954,4.2185,-5.3200,-0.6300,5.0400,1014.1306,8.7552,-1.0712,4.2860,1606507109,S
65,2275137,8.9563,-0.9811,4.1827,-5.6700,0.7000,7.2100,1014.1301,8.7371,-1.1179,4.3109,1606507109,S
65,2274917,8.9228,-1.1222,4.3071,-8.2600,0.5600,7.0000,1014.1293,8.7218,-1.1870,4.3235,1606507109,S
65,2274880,8.9372,-1.4620,4.3071,-9.2400,0.0700,4.6900,1014.1295,8.7254,-1.2926,4.2857,1606507109,S
65,2271753,8.8941,-1.3328,4.3454,-12.3200,0.2100,5.1800,1014.1304,8.7269,-1.3650,4.2602,1606507109,S
65,2266777,8.8630,-1.5266,4.3119,-5.5300,-0.9100,4.3400,1014.1312,8.7165,-1.4370,4.2576,1606507109,S
65,2262972,8.9228,-1.6032,4.2592,-5.3200,-1.9600,3.8500,1014.1323,8.7194,-1.5033,4.2288,1606507110,S
65,2260143,8.9157,-1.5601,4.2042,-3.5700,-1.7500,3.9200,1014.1328,8.7211,-1.5454,4.2101,1606507110,S
65,2257321,8.8941,-1.6319,4.2616,-2.8000,-1.2600,4.4800,1014.1343,8.7086,-1.5951,4.2173,1606507110,S
65,2255586,8.9013,-1.6319,4.1922,-3.5700,-1.8900,4.5500,1014.1351,8.7082,-1.6376,4.2019,1606507110,S
64,2254391,8.9085,-1.8018,4.1755,-1.5400,-1.0500,4.3400,1014.1362,8.6989,-1.6979,4.1973,1606507110,S
65,2253592,8.9204,-1.7420,4.2353,0.8400,-1.2600,3.6400,1014.1378,8.6887,-1.7221,4.2086,1606507110,S
64,2253085,8.9635,-1.6941,4.1635,4.6200,-1.6100,4.6200,1014.1386,8.6778,-1.7292,4.2280,1606507110,S
65,2251177,8.8654,-1.7085,4.2568,10.2900,-1.1900,4.8300,1014.1395,8.6422,-1.7257,4.3017,1606507110,S
64,2246232,8.8726,-1.6845,4.1204,5.8100,-1.0500,4.7600,1014.1405,8.6344,-1.7319,4.3149,1606507110,S
65,2241571,8.8846,-1.6893,4.2832,4.9000,0.1400,3.7800,1014.1411,8.6175,-1.7311,4.3488,1606507110,S
65,2239790,8.8534,-1.5577,4.3286,6.3700,-0.5600,3.4300,1014.1415,8.6024,-1.6983,4.3914,1606507111,S
64,2239500,8.8271,-1.5505,4.4578,5.1800,-0.9100,3.8500,1014.1418,8.5803,-1.6751,4.4432,1606507111,S
65,2240039,8.8367,-1.5386,4.3980,14.4900,-3.6400,4.6200,1014.1426,8.5495,-1.6322,4.5180,1606507111,S
64,2241512,8.8511,-1.5529,4.3119,2.8000,-3.9900,4.8300,1014.1428,8.5646,-1.6350,4.4883,1606507111,S
64,2243680,8.8702,-1.6367,4.1157,-0.6300,-1.6800,3.9200,1014.1431,8.5979,-1.6614,4.4144,1606507111,S
64,2245771,8.7912,-1.6080,4.3286,0.6300,-1.7500,3.7800,1014.1433,8.6002,-1.6705,4.4065,1606507111,S
64,2248367,8.8295,-1.5936,4.2616,-2.1000,-1.4000,4.0600,1014.1435,8.6129,-1.6848,4.3761,1606507111,S
64,2249236,8.8917,-1.5601,4.3023,-0.4900,-0.7000,3.9900,1014.1432,8.6161,-1.6835,4.3702,1606507111,S
64,2247900,8.8319,-1.5817,4.3765,-0.2800,-1.4000,3.9900,1014.1434,8.6123,-1.6856,4.3768,1606507111,S
64,2247031,8.8798,-1.5338,4.2784,0.8400,-2.1000,4.0600,1014.1434,8.6200,-1.6753,4.3658,1606507111,S
64,2247424,8.8247,-1.5673,4.3932,-0.8400,-1.6100,3.3600,1014.1431,8.6197,-1.6731,4.3671,1606507112,S
64,2248116,8.8128,-1.6104,4.2353,-3.0100,-1.1900,3.4300,1014.1432,8.6336,-1.6891,4.3334,1606507112,S
64,2249614,8.8606,-1.7324,4.2162,-0.6300,-1.1900,4.2700,1014.1429,8.6356,-1.7237,4.3158,1606507112,S
64,2251165,8.8367,-1.6750,4.4674,-7.3500,-1.0500,5.3200,1014.1429,8.6255,-1.7631,4.3200,1606507112,S
64,2252336,8.8223,-2.1057,3.9505,-6.1600,-5.2500,13.0200,1014.1434,8.6226,-1.9333,4.2524,1606507112,S
64,2253960,8.8774,-2.2181,3.9194,-9.9400,1.3300,5.3900,1014.1437,8.6369,-2.0521,4.1668,1606507112,S
64,2254445,8.8511,-1.8975,4.4363,-1.6100,3.8500,2.3800,1014.1434,8.6064,-2.0380,4.2364,1606507112,S
64,2252440,8.8080,-1.9956,4.2736,-3.2200,0.9100,3.8500,1014.1431,8.5966,-2.0603,4.2456,1606507112,S
64,2249125,8.7123,-2.0243,4.2927,-4.4800,-0.2800,2.3800,1014.1425,8.5961,-2.0777,4.2380,1606507112,S
64,2246587,8.6118,-2.0506,4.3502,-3.7800,0.3500,4.2700,1014.1415,8.5728,-2.1120,4.2682,1606507112,S
64,2245081,8.6644,-1.9238,4.5607,-2.3800,-6.3000,8.4700,1014.1404,8.5510,-2.1275,4.3041,1606507113,S
64,2245602,9.1645,-2.5340,4.1994,21.8400,-1.6800,2.8000,1014.1389,8.5326,-2.1372,4.3356,1606507113,S
64,2249461,8.5878,-2.3521,4.4028,-42.0700,1.1200,-4.9000,1014.1380,8.6003,-2.2584,4.1359,1606507113,S
64,2252127,8.7171,-2.1176,4.3717,-16.3100,-3.1500,-1.6100,1014.1382,8.6334,-2.2519,4.0698,1606507113,S
64,2252493,8.8104,-2.2684,4.0175,-1.1200,-0.4900,-1.0500,1014.1379,8.6523,-2.2434,4.0343,1606507113,S
64,2252882,8.8415,-2.1823,4.2760,-3.0100,1.6100,-3.9200,1014.1376,8.6606,-2.2020,4.0393,1606507113,S
64,2250855,8.8056,-1.8233,4.3693,-3.1500,-0.6300,-1.8900,1014.1371,8.6743,-2.1124,4.0577,1606507113,S
64,2246264,8.8223,-2.0148,4.1300,-4.6900,-1.6800,-1.8900,1014.1367,8.7003,-2.0827,4.0171,1606507113,S
64,2242286,8.8391,-1.8784,4.1109,-3.0800,3.3600,-2.4500,1014.1354,8.7088,-2.0319,4.0247,1606507113,S
64,2239896,8.7482,-1.7994,4.2640,-11.4100,9.6600,0.2100,1014.1335,8.6759,-2.0298,4.0961,1606507113,S
64,2237158,8.7218,-1.9023,4.7378,17.0800,8.9600,1.4700,1014.1323,8.5701,-1.9704,4.3407,1606507114,S
63,2236029,8.6166,-1.7085,4.9244,25.5500,5.6000,1.9600,1014.1318,8.4563,-1.8567,4.6059,1606507114,S
64,2238027,8.5496,-1.3639,5.0824,16.2400,5.2500,6.4400,1014.1328,8.3368,-1.7528,4.8575,1606507114,S
64,2241406,8.5280,-1.4620,5.0489,8.1900,-0.0700,5.1800,1014.1332,8.2823,-1.6978,4.9690,1606507114,S
64,2245282,8.5735,-1.3041,5.1230,6.7200,-1.2600,2.9400,1014.1339,8.2574,-1.6098,5.0393,1606507114,S
64,2249097,8.3892,-0.7896,5.2379,4.3400,-4.9000,6.9300,1014.1334,8.2185,-1.4731,5.1436,1606507114,S
63,2250923,8.5472,-1.4740,4.9436,24.5000,-4.7600,9.7300,1014.1327,8.1000,-1.4474,5.3353,1606507114,S
64,2254691,8.6189,-1.2969,5.1733,11.2700,-8.3300,11.8300,1014.1317,8.0451,-1.4415,5.4193,1606507114,S
64,2259491,8.7099,-1.6702,4.4506,6.1600,-5.7400,6.0200,1014.1301,8.1497,-1.5082,5.2420,1606507114,S
63,2262093,8.6477,-1.2754,4.5942,-2.3100,-2.5900,6.4400,1014.1280,8.2192,-1.5122,5.1311,1606507114,S
64,2264835,8.7027,-1.4596,4.8933,0.7700,-2.2400,4.9000,1014.1268,8.2448,-1.5234,5.0866,1606507115,S
63,2268097,8.6668,-1.4309,4.8000,-2.6600,-4.6200,3.9200,1014.1266,8.3028,-1.5325,4.9886,1606507115,S
64,2270467,8.7625,-1.4477,4.7593,-3.4300,-3.6400,2.4500,1014.1268,8.3633,-1.5339,4.8860,1606507115,S
63,2272663,8.7003,-1.5458,4.6732,4.7600,-2.1700,3.5000,1014.1273,8.3715,-1.5391,4.8703,1606507115,S
63,2276647,8.7577,-1.2108,4.7354,6.7900,-0.4900,3.3600,1014.1277,8.3604,-1.4708,4.9103,1606507115,S
63,2277961,8.7194,-1.1773,4.5990,-0.7000,1.8900,4.6900,1014.1279,8.3705,-1.4453,4.9007,1606507115,S
63,2278019,8.5950,-1.4333,5.0417,-0.4900,3.0100,6.5100,1014.1287,8.3148,-1.4821,4.9838,1606507115,S
63,2280700,8.5926,-1.5027,4.9196,-2.1000,1.8900,4.3400,1014.1288,8.3061,-1.5169,4.9878,1606507115,S
63,2288296,8.5400,-1.2562,4.8144,18.9000,6.1600,6.0900,1014.1295,8.1872,-1.4464,5.2008,1606507115,S
63,2299666,8.4921,-1.3926,4.8526,15.4000,1.6100,6.7200,1014.1301,8.1105,-1.4275,5.3246,1606507115,S
63,2311775,8.4514,-1.1964,4.9101,5.2500,2.3800,4.1300,1014.1301,8.1010,-1.3916,5.3486,1606507116,S
63,2320946,8.4299,-1.2610,5.1111,-11.6900,0.2800,2.5200,1014.1308,8.1800,-1.4187,5.2197,1606507116,S
63,2327432,8.3318,-1.3280,5.2881,-14.3500,-2.8000,3.4300,1014.1301,8.2344,-1.4642,5.1207,1606507116,S
63,2332082,8.4730,-1.4524,5.1398,-8.2600,-2.8000,2.8000,1014.1303,8.2722,-1.4991,5.0491,1606507116,S
63,2335703,8.4634,-1.3711,5.0871,-7.0000,-3.0100,2.9400,1014.1306,8.3015,-1.5088,4.9979,1606507116,S
63,2336126,8.4945,-1.4548,5.0058,-2.1700,-1.9600,4.0600,1014.1306,8.3022,-1.5261,4.9914,1606507116,S
63,2336823,8.4706,-1.4572,5.0991,-2.8000,-1.6800,3.5000,1014.1312,8.2981,-1.5380,4.9946,1606507116,S
63,2339290,8.4634,-1.5625,5.0967,-1.6100,-1.4000,3.0800,1014.1312,8.2899,-1.5615,5.0010,1606507116,S
63,2342252,8.4682,-1.5147,5.0608,2.9400,0.4200,3.1500,1014.1313,8.2628,-1.5589,5.0464,1606507116,S
63,2346387,8.3605,-1.5840,5.2666,1.6100,0.6300,2.5200,1014.1320,8.2234,-1.5694,5.1072,1606507116,S
64,2348825,8.4227,-1.2873,5.1661,13.0200,-0.4900,3.7100,1014.1325,8.1602,-1.4903,5.2307,1606507117,S
63,2354823,8.4299,-0.9978,5.2594,2.5200,0.3500,2.1000,1014.1323,8.1499,-1.3938,5.2732,1606507117,S
63,2361659,8.4371,-1.3256,5.3097,-22.3300,-7.5600,1.5400,1014.1318,8.2821,-1.4519,5.0467,1606507117,S
64,2364848,8.4921,-1.5721,5.1087,-38.7100,-8.6100,1.1900,1014.1315,8.4354,-1.5886,4.7425,1606507117,S
64,2362341,8.5376,-1.6678,4.7163,-38.3600,-5.4600,0.9100,1014.1321,8.5417,-1.7146,4.5023,1606507117,S
64,2352172,8.4706,-2.1894,4.5775,-45.7800,-5.5300,-0.9100,1014.1326,8.6107,-1.9256,4.2799,1606507117,S
64,2342211,8.6979,-2.4431,4.3334,-41.0200,-1.3300,-3.9200,1014.1328,8.6552,-2.1073,4.1008,1606507117,S
64,2332771,8.7386,-2.1703,4.2401,-26.3200,-1.4000,-3.5700,1014.1329,8.6911,-2.1595,3.9963,1606507117,S
64,2323431,8.7218,-2.3019,4.0750,1.9600,-3.0800,-2.7300,1014.1325,8.7056,-2.1511,3.9694,1606507117,S
64,2315318,8.5711,-2.3378,4.2664,11.1300,1.2600,1.4700,1014.1328,8.6503,-2.1688,4.0792,1606507117,S
64,2308409,8.7960,-2.2923,4.4243,20.8600,-2.6600,3.2900,1014.1335,8.6002,-2.1411,4.1979,1606507118,S
64,2303218,8.6907,-2.0889,4.1539,15.9600,-0.9800,3.0800,1014.1334,8.5775,-2.1046,4.2624,1606507118,S
64,2299965,8.6668,-1.9382,4.5751,-1.8200,0.5600,4.4800,1014.1339,8.5429,-2.1029,4.3320,1606507118,S
64,2299218,8.7601,-2.0171,4.3334,-4.4800,-2.3800,4.2000,1014.1344,8.5525,-2.1186,4.3054,1606507118,S
64,2298773,8.6836,-1.8855,4.5464,-11.0600,0.4200,2.9400,1014.1344,8.5497,-2.1189,4.3109,1606507118,S
64,2294251,8.6979,-2.0937,4.4459,1.6100,-2.3800,3.0800,1014.1346,8.5401,-2.1206,4.3290,1606507118,S
64,2287035,8.7266,-2.1464,4.2664,-6.2300,-1.4000,2.5200,1014.1348,8.5558,-2.1538,4.2814,1606507118,S
64,2280815,8.6812,-1.9956,4.4172,-10.3600,-2.1000,2.5200,1014.1354,8.5689,-2.1614,4.2511,1606507118,S
64,2276635,8.7147,-2.2181,4.4219,2.5900,-1.6800,3.2900,1014.1354,8.5485,-2.1774,4.2840,1606507118,S
63,2271796,8.6716,-2.1918,4.4985,10.4300,-1.2600,3.0100,1014.1361,8.5125,-2.1614,4.3632,1606507118,S
64,2268060,8.6955,-2.1320,4.5105,14.7000,-5.5300,3.0800,1014.1371,8.4948,-2.1188,4.4180,1606507119,S
63,2265986,8.7649,-2.1129,4.2640,1.4700,-5.3900,1.5400,1014.1374,8.5337,-2.1112,4.3462,1606507119,S
64,2264525,8.7194,-1.9621,4.2903,-0.2100,-4.3400,2.5200,1014.1373,8.5583,-2.0905,4.3076,1606507119,S
64,2262922,8.7649,-1.9190,4.1755,6.3000,-0.8400,4.8300,1014.1369,8.5526,-2.0693,4.3292,1606507119,S
63,2260443,8.7864,-2.0483,4.3262,5.1100,2.8700,5.0400,1014.1359,8.5182,-2.0822,4.3904,1606507119,S
63,2253063,8.6740,-2.2828,4.5535,6.0200,0.2100,4.6900,1014.1347,8.4714,-2.1261,4.4593,1606507119,S
63,2246570,8.6620,-1.5218,4.5129,25.2000,3.8500,5.6700,1014.1340,8.3911,-1.9725,4.6765,1606507119,S
63,2245560,8.8247,-1.2108,4.6158,114.3100,7.7700,9.0300,1014.1339,7.8465,-1.4905,5.6905,1606507119,S
63,2254299,8.6213,-1.7898,5.4485,-2.5900,-0.2800,1.8900,1014.1335,7.9375,-1.5571,5.5445,1606507119,S
63,2262994,8.5496,-1.5003,4.9149,-5.1100,-3.9900,4.6200,1014.1328,8.0567,-1.5926,5.3595,1606507119,S
63,2268817,8.6213,-1.4453,4.8455,-9.1000,-2.1700,1.4000,1014.1326,8.1825,-1.6010,5.1627,1606507120,S
63,2272341,8.6022,-1.5075,4.9842,-9.1700,-3.8500,1.8200,1014.1327,8.2673,-1.6155,5.0212,1606507120,S
63,2275259,8.6022,-1.3184,4.8790,-2.9400,-3.5000,1.6100,1014.1336,8.3184,-1.5703,4.9506,1606507120,S
63,2276889,8.6381,-1.5027,4.7880,-8.9600,-3.9200,3.0800,1014.1342,8.3804,-1.5973,4.8362,1606507120,S
62,2276294,8.6046,-1.5529,4.6469,-0.7700,-1.1900,5.5300,1014.1349,8.3833,-1.6251,4.8217,1606507120,S
63,2273047,8.5998,-1.7061,4.7689,2.8700,2.3100,4.5500,1014.1354,8.3509,-1.6594,4.8661,1606507120,S
62,2271538,8.6788,-1.5864,4.8191,9.5200,2.0300,3.0800,1014.1362,8.3146,-1.6304,4.9375,1606507120,S
63,2273704,8.5232,-1.6654,4.7067,25.4800,1.1900,4.0600,1014.1365,8.2238,-1.5829,5.1024,1606507120,S
62,2275911,8.5543,-1.4261,5.0800,-0.5600,1.1900,6.5100,1014.1365,8.2003,-1.5899,5.1379,1606507120,S
63,2276409,8.4897,-1.6175,4.8838,-3.4300,-0.2100,8.1900,1014.1364,8.2023,-1.6569,5.1134,1606507120,S
63,2276076,8.4945,-0.9117,5.2020,16.1700,3.6400,12.5300,1014.1369,8.0421,-1.5310,5.3991,1606507121,S
63,2277597,8.5472,-1.9190,5.1446,8.1200,2.1700,7.9100,1014.1373,7.9996,-1.6183,5.4367,1606507121,S
63,2281432,8.3797,-1.7707,5.2451,-6.3000,0.9800,1.1200,1014.1374,8.0573,-1.6712,5.3345,1606507121,S
62,2287066,8.4156,-1.7228,5.2522,-22.7500,-2.1000,-1.9600,1014.1375,8.1911,-1.7356,5.1053,1606507121,S
63,2289448,8.4012,-1.5793,5.1422,-11.2700,-2.8700,-1.1200,1014.1373,8.2595,-1.7259,4.9972,1606507121,S
63,2287718,8.4419,-1.5936,5.0154,-6.0200,-2.1000,1.3300,1014.1372,8.2910,-1.7213,4.9465,1606507121,S
63,2285797,8.4873,-1.6032,5.0345,-5.2500,-0.9100,1.8200,1014.1373,8.3057,-1.7196,4.9223,1606507121,S
63,2284709,8.4562,-1.6175,5.0249,-1.8200,-1.4700,2.7300,1014.1362,8.3036,-1.7169,4.9267,1606507121,S
63,2284007,8.5496,-1.6941,5.0273,-1.4000,-1.3300,2.4500,1014.1354,8.3046,-1.7237,4.9227,1606507121,S
63,2283828,8.5017,-1.6798,4.9771,-1.1200,-2.2400,2.3800,1014.1344,8.3113,-1.7264,4.9104,1606507121,S
63,2283789,8.4945,-1.6798,4.9819,-0.0700,-1.8900,2.3100,1014.1335,8.3117,-1.7253,4.9101,1606507122,S
63,2284731,8.4826,-1.6487,5.0058,-2.2400,-2.1000,2.5900,1014.1329,8.3156,-1.7269,4.9030,1606507122,S
63,2285491,8.4826,-1.7444,5.0034,0.8400,-1.1200,2.8000,1014.1322,8.3019,-1.7390,4.9220,1606507122,S
62,2285685,8.5113,-1.7180,5.0010,-0.6300,-1.1200,2.4500,1014.1309,8.2996,-1.7451,4.9236,1606507122,S
62,2282479,8.4754,-1.6319,5.0010,-1.3300,-1.6100,2.3800,1014.1299,8.3027,-1.7359,4.9216,1606507122,S
63,2279774,8.4921,-1.7061,4.9364,-1.2600,-1.3300,2.6600,1014.1295,8.3065,-1.7453,4.9118,1606507122,S
62,2278538,8.4586,-1.6128,5.0369,-2.1000,-0.5600,2.7300,1014.1293,8.3000,-1.7380,4.9254,1606507122,S
62,2278040,8.5328,-1.6654,4.9388,-1.4000,-1.1900,3.0100,1014.1293,8.3049,-1.7409,4.9161,1606507122,S
62,2277843,8.4347,-1.4261,5.0943,4.0600,-0.5600,3.9900,1014.1296,8.2708,-1.6873,4.9917,1606507122,S
62,2280160,8.4682,-1.7611,5.1494,2.7300,-2.5200,4.4100,1014.1297,8.2429,-1.7117,5.0295,1606507122,S
62,2284784,8.4419,-1.5410,5.0489,-3.0100,-1.8900,2.8000,1014.1297,8.2575,-1.6999,5.0094,1606507123,S
62,2288177,8.4514,-1.5745,5.0154,-6.7200,-0.7700,2.1000,1014.1304,8.2822,-1.7052,4.9667,1606507123,S
62,2289563,8.4826,-1.4596,5.1350,-2.3800,-0.7700,1.5400,1014.1302,8.2865,-1.6671,4.9724,1606507123,S
62,2287389,8.4945,-1.5362,4.9651,-1.8200,-0.9100,2.7300,1014.1304,8.2945,-1.6597,4.9615,1606507123,S
61,2283373,8.5113,-1.7276,4.9986,-1.6100,-1.8900,3.0100,1014.1302,8.2969,-1.6899,4.9474,1606507123,S
62,2280195,8.4849,-1.6941,4.9723,-1.8200,-1.8900,2.7300,1014.1304,8.3027,-1.7075,4.9316,1606507123,S
61,2278473,8.5017,-1.6558,4.9771,-1.2600,-1.8200,2.6600,1014.1303,8.3071,-1.7116,4.9227,1606507123,S
62,2277291,8.4921,-1.7922,4.9603,-1.4700,-1.1200,3.2200,1014.1306,8.3021,-1.7464,4.9188,1606507123,S
61,2276868,8.5184,-1.6510,4.9938,-0.9100,-0.5600,3.0100,1014.1307,8.2972,-1.7434,4.9282,1606507123,S
62,2277072,8.4778,-1.7587,4.8838,-0.5600,-0.9100,2.8700,1014.1309,8.2994,-1.7622,4.9178,1606507123,S
62,2277997,8.5017,-1.7252,4.9364,5.8800,1.1200,3.4300,1014.1317,8.2670,-1.7543,4.9748,1606507124,S
61,2279507,8.3629,-1.5051,5.0824,15.8200,-0.8400,5.1100,1014.1326,8.1892,-1.6837,5.1256,1606507124,S
62,2284270,8.4419,-1.4740,5.0560,6.9300,-0.7700,4.4800,1014.1327,8.1632,-1.6438,5.1797,1606507124,S
61,2288278,8.4802,-1.7013,5.0776,-6.2300,-1.1900,3.2900,1014.1335,8.1978,-1.6894,5.1100,1606507124,S
62,2289617,8.5041,-1.7300,5.1398,-12.1800,-0.7700,1.5400,1014.1334,8.2457,-1.7371,5.0160,1606507124,S
61,2289870,8.4156,-1.5601,5.0895,-4.8300,-2.4500,3.7800,1014.1324,8.2566,-1.7359,4.9986,1606507124,S
61,2289956,8.4538,-1.7228,5.0082,-3.3600,-1.7500,3.0100,1014.1317,8.2672,-1.7570,4.9735,1606507124,S
61,2289763,8.4156,-1.6702,5.1206,0.2100,-2.4500,3.1500,1014.1306,8.2573,-1.7520,4.9917,1606507124,S
61,2289660,8.4969,-1.5338,5.0393,1.8900,-1.1200,2.4500,1014.1297,8.2564,-1.7121,5.0071,1606507124,S
62,2290008,8.4682,-1.6175,5.0608,15.0500,-0.6300,4.2700,1014.1290,8.1921,-1.6662,5.1268,1606507124,S
61,2292523,8.5280,-1.4788,5.0847,49.2800,0.9100,7.9100,1014.1287,7.9415,-1.5024,5.5539,1606507125,S
61,2301654,8.3701,-1.5625,5.3288,9.3800,0.9100,4.9700,1014.1286,7.9042,-1.5045,5.6063,1606507125,S
61,2307154,8.4036,-1.3543,5.3695,-20.9300,0.4200,0.7000,1014.1278,8.0547,-1.5489,5.3753,1606507125,S
61,2309422,8.4251,-1.3232,5.3743,-10.0100,-3.0100,3.6400,1014.1273,8.1128,-1.5529,5.2859,1606507125,S
61,2309377,8.4347,-1.3113,5.2235,-5.8100,-2.6600,4.4100,1014.1272,8.1473,-1.5462,5.2346,1606507125,S
61,2310584,8.3605,-1.4692,5.0752,-5.5300,-1.7500,8.0500,1014.1268,8.1515,-1.5982,5.2124,1606507125,S
61,2311409,8.3940,-1.7492,5.1111,-10.5000,-5.4600,7.2800,1014.1268,8.1896,-1.7011,5.1192,1606507125,S
61,2310568,8.4491,-1.7803,4.9412,-3.3600,-1.3300,6.3700,1014.1275,8.1972,-1.7644,5.0856,1606507125,S
61,2310240,8.3246,-1.7133,5.1709,-4.2000,-1.6800,6.0900,1014.1284,8.1828,-1.8019,5.0957,1606507125,S
61,2310872,8.4323,-1.9358,4.9938,0.4200,-1.9600,5.9500,1014.1290,8.1763,-1.8582,5.0858,1606507125,S
60,2311105,8.3892,-1.9358,5.0512,0.9100,-1.0500,5.3200,1014.1299,8.1614,-1.8982,5.0950,1606507126,S
61,2311453,8.3677,-1.9813,5.0680,0.9800,-1.5400,5.2500,1014.1307,8.1484,-1.9379,5.1008,1606507126,S
60,2307515,8.4084,-2.0985,5.1087,-5.2500,-2.1000,5.8100,1014.1322,8.1511,-2.0133,5.0671,1606507126,S
60,2302464,8.4084,-2.2181,4.9005,-10.0800,-3.2200,5.5300,1014.1323,8.1860,-2.1140,4.9691,1606507126,S
60,2298013,8.3103,-2.3330,4.9771,-11.1300,-3.0800,5.1800,1014.1326,8.1976,-2.2184,4.9039,1606507126,S
60,2293913,8.3557,-2.4574,4.8790,-7.7000,-2.6600,4.2000,1014.1319,8.2070,-2.3081,4.8464,1606507126,S
60,2290146,8.4036,-2.4646,4.8263,-2.0300,-1.7500,3.2200,1014.1319,8.2101,-2.3564,4.8178,1606507126,S
60,2287352,8.4802,-2.5244,4.8048,-10.7100,-2.5900,3.0100,1014.1327,8.2364,-2.4293,4.7361,1606507126,S
60,2285477,8.3844,-2.5651,4.8909,-28.8400,-4.5500,2.1700,1014.1319,8.2808,-2.5472,4.5946,1606507126,S
60,2283896,8.4873,-2.7398,4.2903,-23.2400,-6.3000,-2.3100,1014.1311,8.3740,-2.6296,4.3739,1606507126,S
60,2283139,8.5759,-2.9121,4.2927,-34.5100,-3.2900,0.1400,1014.1299,8.4207,-2.7785,4.1883,1606507127,S
60,2277678,8.4467,-3.0796,4.2185,-18.4100,0.8400,3.0800,1014.1293,8.3991,-2.9147,4.1389,1606507127,S
60,2270330,8.5137,-3.2303,4.0630,-25.7600,-2.7300,3.3600,1014.1290,8.4036,-3.0706,4.0152,1606507127,S
60,2264070,8.5041,-3.2949,4.0463,-21.9100,-0.6300,5.3900,1014.1297,8.3812,-3.2153,3.9480,1606507127,S
60,2258709,8.5280,-3.6443,3.7759,-7.8400,-3.5000,3.8500,1014.1304,8.3763,-3.3331,3.8598,1606507127,S
60,2253155,8.5065,-3.5246,3.9362,1.5400,-1.7500,4.4100,1014.1312,8.3553,-3.3798,3.8647,1606507127,S
60,2248718,8.5400,-3.6562,3.7615,1.6800,-2.8700,3.7100,1014.1317,8.3519,-3.4341,3.8241,1606507127,S
60,2245005,8.4754,-3.3835,3.8620,14.0000,-0.5600,5.0400,1014.1320,8.3357,-3.4059,3.8841,1606507127,S
60,2241589,8.4108,-3.2399,4.2736,8.4000,3.2900,7.2800,1014.1328,8.2731,-3.3942,4.0257,1606507127,S
60,2239008,8.3414,-3.4935,4.3430,-8.1200,3.0800,7.2100,1014.1326,8.2066,-3.4839,4.0847,1606507127,S
60,2233069,8.3151,-3.7926,4.1874,-7.7000,0.6300,5.3200,1014.1335,8.1636,-3.5923,4.0768,1606507128,S
60,2226109,8.2840,-3.5342,4.1707,-6.2300,0.2100,5.0400,1014.1344,8.1460,-3.6300,4.0787,1606507128,S
61,2221836,8.3007,-3.5988,4.1755,-9.3800,0.2100,5.1800,1014.1351,8.1287,-3.6824,4.0662,1606507128,S
61,2219495,8.2983,-3.7950,4.1587,-4.6200,1.5400,6.0900,1014.1364,8.0921,-3.7509,4.0767,1606507128,S
61,2217693,8.2481,-3.9482,4.1396,-3.2900,1.0500,5.0400,1014.1371,8.0579,-3.8216,4.0786,1606507128,S
61,2216668,8.1882,-3.9817,4.0247,-4.7600,0.9100,5.4600,1014.1384,8.0310,-3.8994,4.0581,1606507128,S
61,2215993,8.2098,-3.8955,4.0965,-12.1800,-0.5600,4.8300,1014.1392,8.0213,-3.9634,4.0150,1606507128,S
61,2215014,8.1476,-3.9003,3.9625,-4.4100,-0.7700,4.0600,1014.1395,8.0220,-3.9894,3.9879,1606507128,S
61,2213448,8.1380,-3.9745,4.0223,-3.2200,-0.9800,3.9900,1014.1395,8.0143,-4.0157,3.9769,1606507128,S
61,2206976,8.1308,-4.1276,4.2688,-0.5600,-0.4200,4.2700,1014.1391,7.9775,-4.0479,4.0179,1606507128,S
61,2197948,8.1739,-4.0989,3.9769,-1.1900,-1.2600,3.5700,1014.1389,7.9791,-4.0711,3.9914,1606507129,S
62,2190179,8.1523,-4.1085,4.1276,-0.7700,-2.1700,3.2200,1014.1387,7.9742,-4.0814,3.9905,1606507129,S
62,2185138,8.2337,-4.0582,4.0558,1.1200,-1.7500,2.6600,1014.1387,7.9844,-4.0686,3.9833,1606507129,S
62,2181474,8.1715,-4.0989,4.0487,0.3500,-1.6800,2.5200,1014.1385,7.9865,-4.0713,3.9762,1606507129,S
62,2178644,8.1691,-4.0678,4.0463,0.3500,-1.6800,2.7300,1014.1390,7.9893,-4.0701,3.9718,1606507129,S
62,2176663,8.1835,-4.0032,4.0367,-1.6800,-1.2600,3.2200,1014.1393,7.9931,-4.0698,3.9644,1606507129,S
62,2175453,8.2170,-4.0199,4.0080,-1.5400,-0.4900,3.2200,1014.1390,7.9955,-4.0725,3.9570,1606507129,S
62,2174921,8.2026,-4.1755,4.0558,-1.2600,1.9600,3.2200,1014.1382,7.9716,-4.1039,3.9726,1606507129,S
62,2172079,8.5280,-3.9817,4.0582,1.8200,5.1100,3.3600,1014.1372,7.9703,-4.0740,4.0059,1606507129,S
63,2169252,7.8150,-3.7711,4.3478,-7.1400,28.7700,4.8300,1014.1364,7.7979,-4.1446,4.2643,1606507129,S
63,2167646,7.6762,-3.8501,5.2666,27.5100,55.6500,3.9200,1014.1367,7.4372,-4.0748,4.9249,1606507130,S
63,2171126,4.8861,-4.4435,4.3023,-78.6800,95.9000,42.7000,1014.1369,6.5075,-5.0570,5.3150,1606507130,S
63,2186144,4.3286,-5.6160,5.1661,-116.3400,91.1400,84.1400,1014.1364,5.2765,-6.3993,5.2324,1606507130,S
63,2194256,5.3575,-8.6572,6.6544,-274.8200,26.1800,27.3000,1014.1359,4.5294,-8.0358,3.3288,1606507130,S
63,2203539,1.8688,-10.0857,-0.1292,-190.1900,-25.6200,6.6500,1014.1348,3.4279,-9.1639,0.6655,1606507130,S
63,2204623,3.7400,-9.7316,-1.1533,-32.9000,-16.9400,8.8200,1014.1334,2.6312,-9.4444,-0.2234,1606507130,S
63,2210529,4.1276,-9.2219,-1.2754,0.8400,-8.9600,-2.1000,1014.1329,2.0998,-9.5655,-0.5132,1606507130,S
63,2215850,3.7854,-8.6979,-1.3280,-0.4200,-9.6600,-11.9700,1014.1336,1.3906,-9.6803,-0.7273,1606507130,S
63,2211443,4.1085,-9.0066,-1.3543,10.9900,-2.2400,-1.4700,1014.1347,0.5638,-9.7621,-0.7442,1606507130,S
64,2206268,4.0869,-8.7099,-1.1557,5.6700,-3.9900,-1.1200,1014.1361,-0.1956,-9.7789,-0.7107,1606507130,S
64,2201985,4.0774,-8.7027,-1.3783,2.0300,-3.2900,5.1100,1014.1382,6.4556,-7.3483,-0.7052,1606507131,S
64,2195544,4.0630,-8.9013,-1.2036,5.7400,-0.9800,4.8300,1014.1407,5.6400,-7.9799,-0.8256,1606507131,S
64,2190387,4.0295,-9.1669,-1.1222,2.4500,0.4200,3.7100,1014.1418,5.1164,-8.3194,-0.8837,1606507131,S
64,2187517,4.0271,-9.0281,-1.0887,4.7600,3.5000,5.1800,1014.1436,4.7501,-8.5334,-0.8875,1606507131,S
64,2186173,3.9960,-8.9994,-0.8279,14.0000,5.1800,6.6500,1014.1456,4.3445,-8.7586,-0.7632,1606507131,S
65,2185258,3.9171,-8.9779,-0.1747,13.6500,4.4800,5.8800,1014.1480,3.9943,-8.9406,-0.5312,1606507131,S
64,2184285,3.9218,-9.0449,0.0742,10.4300,2.1700,4.4800,1014.1505,3.6103,-9.1122,-0.3223,1606507131,S
65,2177654,3.8907,-9.1238,-0.0598,5.6700,2.9400,5.7400,1014.1520,3.3304,-9.2213,-0.2160,1606507131,S
65,2170533,3.8692,-9.0568,0.1962,4.6200,3.7100,6.0200,1014.1534,2.8360,-9.3872,-0.0865,1606507131,S
65,2165720,3.7328,-9.2937,0.5456,4.5500,0.6300,4.0600,1014.1545,-0.6799,-9.7828,0.0728,1606507131,S
65,2162940,3.6706,-9.1143,0.7131,5.8800,-1.4700,5.0400,1014.1562,4.9882,-8.4402,0.2261,1606507132,S
65,2161905,3.6395,-8.8989,0.6891,-36.1900,-6.9300,2.4500,1014.1570,2.0265,-9.5950,0.0203,1606507132,S
65,2161826,3.7663,-9.0353,-0.7226,-37.3100,-15.0500,1.4000,1014.1570,6.2195,-7.5748,-0.3315,1606507132,S
65,2162363,3.7304,-9.2459,-1.2419,-10.4300,-5.9500,7.4900,1014.1570,4.9573,-8.4375,-0.6365,1606507132,S
65,2163826,3.7304,-9.0760,-0.7418,10.1500,-0.8400,4.2700,1014.1573,4.3357,-8.7757,-0.5988,1606507132,S
65,2165814,3.7328,-9.1095,-0.9117,5.1100,-1.7500,3.5000,1014.1573,3.9567,-8.9511,-0.6263,1606507132,S
65,2166380,3.6275,-9.1358,-0.7274,-5.7400,-0.9800,2.1700,1014.1569,3.9579,-8.9459,-0.6902,1606507132,S
64,2162924,3.7017,-9.0592,-0.8064,-2.6600,-4.2700,2.1700,1014.1565,3.8747,-8.9782,-0.7410,1606507132,S
65,2159991,3.7424,-8.9898,-0.8710,-0.4900,-2.2400,1.1200,1014.1565,3.8171,-9.0000,-0.7748,1606507132,S
64,2159701,3.7854,-9.0233,-0.9117,-1.3300,-2.3800,1.2600,1014.1560,3.7940,-9.0062,-0.8155,1606507132,S
65,2159587,3.8477,-9.0018,-1.0504,-1.4700,-2.5900,1.2600,1014.1556,3.7886,-9.0027,-0.8765,1606507133,S
64,2159277,3.8070,-9.1406,-1.2132,5.0400,1.3300,2.9400,1014.1555,3.6839,-9.0443,-0.8946,1606507133,S
64,2159565,4.1731,-8.6501,-0.0837,14.5600,5.7400,-5.0400,1014.1559,3.5875,-9.1061,-0.6149,1606507133,S
64,2161803,3.9769,-8.8415,-0.5097,-16.7300,-1.8900,0.4200,1014.1567,3.9814,-8.9324,-0.7293,1606507133,S
64,2163593,3.8955,-8.9276,-0.9452,-19.7400,-7.2800,1.4700,1014.1571,4.2070,-8.8089,-0.9349,1606507133,S
64,2165556,3.9697,-8.8439,-1.1414,-20.1600,-8.2600,4.7600,1014.1577,4.3075,-8.7360,-1.1395,1606507133,S
64,2163182,3.7519,-9.0114,-1.3807,-12.6700,-5.0400,6.7900,1014.1581,4.2124,-8.7618,-1.2870,1606507133,S
65,2161920,3.8716,-8.8487,-2.0195,-5.3900,-3.5700,2.8700,1014.1585,4.1093,-8.7815,-1.4726,1606507133,S
64,2162804,3.8740,-8.9348,-1.6630,8.3300,1.3300,2.3100,1014.1584,3.9560,-8.8569,-1.4406,1606507133,S
64,2164021,3.8477,-8.9061,-1.6534,28.2800,4.1300,3.8500,1014.1575,3.6408,-9.0195,-1.2503,1606507133,S
64,2165208,3.8859,-8.9180,-0.5575,40.1800,9.5900,4.9700,1014.1561,3.1744,-9.2473,-0.7626,1606507134,S
64,2165197,3.9075,-9.1167,-0.0933,35.9800,10.9200,5.4600,1014.1548,2.5294,-9.4702,-0.2953,1606507134,S
64,2164567,3.7783,-8.8846,0.4522,6.7200,9.8700,8.1200,1014.1548,2.0558,-9.5886,-0.0610,1606507134,S
64,2163558,3.6682,-9.5067,1.0959,15.0500,4.9700,5.4600,1014.1553,-0.2802,-9.7984,0.2868,1606507134,S
64,2164683,3.2638,-8.8487,1.3615,-17.4300,-3.9200,3.0800,1014.1563,5.1827,-8.3195,0.3102,1606507134,S
63,2166128,3.7974,-9.3918,0.3326,-44.2400,-18.8300,-3.0800,1014.1563,0.6330,-9.7860,-0.0579,1606507134,S
64,2167093,3.8118,-9.0736,-1.2012,-31.5000,-14.3500,-3.1500,1014.1557,5.1180,-8.3500,-0.5035,1606507134,S
64,2164627,4.0439,-8.9946,-1.3065,8.3300,-1.4700,-0.1400,1014.1558,4.3701,-8.7576,-0.6139,1606507134,S
64,2163447,3.8716,-9.1358,-0.8375,8.3300,0.9800,3.6400,1014.1557,3.9989,-8.9347,-0.5925,1606507134,S
64,2163704,3.9003,-9.1358,-0.4522,10.5700,0.8400,2.3800,1014.1555,3.6876,-9.0743,-0.4794,1606507134,S
65,2164368,3.8812,-9.1262,-0.4618,-0.9800,-1.4000,2.3800,1014.1545,3.7071,-9.0660,-0.4843,1606507135,S
64,2165133,3.9888,-9.0377,-0.4594,0.1400,1.7500,3.5700,1014.1543,3.7434,-9.0518,-0.4726,1606507135,S
65,2165914,3.9194,-9.1262,-0.4187,15.3300,3.6400,4.2000,1014.1548,3.2812,-9.2356,-0.3289,1606507135,S
64,2167266,3.6897,-9.1669,0.4187,19.8100,1.2600,3.8500,1014.1547,1.8827,-9.6242,-0.0028,1606507135,S
65,2169478,3.8836,-8.9994,-0.1819,-17.2200,-3.0800,1.9600,1014.1544,3.2735,-9.2421,-0.1943,1606507135,S
65,2172486,3.9003,-9.1382,-0.3278,-10.5700,-6.0200,2.2400,1014.1537,3.7965,-9.0365,-0.3154,1606507135,S
65,2172258,3.9984,-9.1358,-0.6461,-7.0000,-4.2000,5.9500,1014.1537,3.9367,-8.9711,-0.4382,1606507135,S
65,2170512,3.8620,-9.0855,-0.4211,2.0300,-2.9400,3.5700,1014.1537,3.7731,-9.0418,-0.4235,1606507135,S
65,2170318,3.8261,-9.0568,-0.5384,-7.8400,-0.9100,2.5900,1014.1539,3.9721,-8.9519,-0.5064,1606507135,S
65,2170493,3.7831,-9.0520,-0.6628,-2.1000,-3.2900,1.9600,1014.1538,3.9080,-8.9769,-0.5592,1606507135,S
64,2170974,3.8285,-8.9683,-0.7825,6.2300,0.0700,3.0800,1014.1541,3.7079,-9.0618,-0.5538,1606507136,S
64,2172174,3.7089,-9.1932,-0.5049,-3.4300,0.4200,3.2900,1014.1541,3.7608,-9.0391,-0.5670,1606507136,S
64,2174829,3.7926,-9.1310,-0.6150,3.5000,-1.1200,2.0300,1014.1544,3.6448,-9.0876,-0.5491,1606507136,S
64,2177139,3.8764,-9.0760,-0.4690,24.8500,7.0700,5.1800,1014.1555,2.9980,-9.3319,-0.3138,1606507136,S
64,2179216,3.8333,-9.1573,0.4283,12.4600,2.8000,3.5700,1014.1572,2.1509,-9.5677,-0.0518,1606507136,S
64,2181423,3.8668,-8.9898,0.1555,7.2800,3.7800,4.7600,1014.1584,1.3008,-9.7198,0.0612,1606507136,S
64,2178588,3.7759,-9.3631,0.1890,18.9700,13.3000,8.4700,1014.1593,-1.1746,-9.7333,0.2312,1606507136,S
64,2173494,3.5844,-9.5450,1.9095,17.0800,5.8100,6.0900,1014.1597,4.7486,-8.5552,0.6548,1606507136,S
64,2171253,3.4720,-9.2650,0.8853,-83.4400,-25.6200,1.4700,1014.1603,1.6967,-9.6588,-0.0079,1606507136,S
64,2172343,3.8596,-9.0616,-1.2610,-56.4200,-19.6000,-3.3600,1014.1602,6.3426,-7.4622,-0.5073,1606507136,S
63,2173282,3.7831,-9.4899,-0.8471,5.4600,-0.4900,-9.3100,1014.1593,5.5826,-8.0406,-0.5942,1606507137,S
64,2176105,3.8309,-8.5208,-0.8399,-6.5800,-8.4000,1.8900,1014.1581,5.0126,-8.3965,-0.7371,1606507137,S
63,2178660,3.9697,-9.0138,-1.4548,-8.9600,-3.9200,7.8400,1014.1570,4.6091,-8.6035,-0.9523,1606507137,S
63,2181129,3.6419,-8.8726,-0.2058,-9.8000,-3.1500,7.1400,1014.1554,4.6178,-8.6068,-0.8775,1606507137,S
63,2186399,3.6945,-9.2435,-1.0193,-12.2500,-2.1000,4.2700,1014.1550,4.4686,-8.6723,-0.9965,1606507137,S
63,2189688,3.6060,-8.8056,-1.1844,20.4400,6.9300,5.1800,1014.1552,3.9728,-8.9229,-0.8771,1606507137,S
63,2187676,3.5821,-9.2554,-0.7801,5.8800,0.3500,3.5700,1014.1552,3.7564,-9.0225,-0.8090,1606507137,S
63,2186787,3.6849,-9.1693,-0.9595,5.2500,0.1400,3.1500,1014.1553,3.6115,-9.0829,-0.7930,1606507137,S
63,2186914,3.6610,-9.2076,-0.8160,12.3200,1.6800,4.4800,1014.1556,3.3700,-9.1835,-0.6907,1606507137,S
63,2186651,3.5892,-9.3296,-0.8160,16.1700,2.7300,5.6000,1014.1562,3.0684,-9.2968,-0.5701,1606507137,S
63,2186622,3.5007,-9.2028,-0.0120,-7.1400,-3.9200,2.3800,1014.1577,3.2082,-9.2522,-0.5232,1606507138,S
63,2188199,3.6108,-9.1597,-0.1484,-6.0900,-3.0100,2.3100,1014.1597,3.3655,-9.1973,-0.5029,1606507138,S
63,2189496,3.6969,-9.0664,-0.5767,-14.2800,-5.0400,1.6100,1014.1622,3.6981,-9.0601,-0.6387,1606507138,S
63,2191660,3.6419,-9.1980,-0.6700,-14.2800,-1.0500,0.8400,1014.1641,3.9417,-8.9479,-0.7535,1606507138,S
63,2194032,3.6108,-9.2052,-0.7609,-6.0900,-3.3600,3.0100,1014.1653,3.9056,-8.9593,-0.8050,1606507138,S
62,2193333,3.6108,-9.1190,-0.6532,-6.0900,-2.3800,5.6000,1014.1656,3.8854,-8.9665,-0.8224,1606507138,S
63,2190558,3.6682,-9.2076,-0.8231,0.4200,-0.0700,3.1500,1014.1663,3.7889,-9.0083,-0.8156,1606507138,S
62,2189227,3.6993,-9.0616,-0.6963,2.4500,-0.4200,4.9000,1014.1669,3.6853,-9.0551,-0.7708,1606507138,S
63,2188760,3.5916,-9.1956,-0.4546,9.9400,2.1000,2.9400,1014.1664,3.4708,-9.1507,-0.6235,1606507138,S
63,2189008,3.6251,-9.2698,-0.6628,-3.9900,-0.7000,0.4900,1014.1663,3.5605,-9.1135,-0.6617,1606507138,S
62,2189468,3.6538,-9.1717,-0.8136,-0.1400,-0.1400,2.0300,1014.1662,3.5540,-9.1139,-0.6900,1606507139,S
62,2190356,3.6251,-9.2363,-0.6365,-2.0300,-1.6800,1.9600,1014.1672,3.5675,-9.1082,-0.6955,1606507139,S
62,2191886,3.5821,-9.1095,-0.6221,-0.3500,-1.8900,2.8000,1014.1687,3.5385,-9.1203,-0.6854,1606507139,S
62,2193832,3.6682,-9.1621,-0.5695,-1.2600,-1.3300,2.8700,1014.1692,3.5492,-9.1171,-0.6722,1606507139,S
62,2193740,3.5964,-9.1023,-0.6556,0.5600,-1.1900,2.2400,1014.1696,3.5184,-9.1295,-0.6653,1606507139,S
61,2190655,3.6419,-9.1334,-0.7083,-1.4000,-1.3300,1.8900,1014.1710,3.5394,-9.1200,-0.6854,1606507139,S
62,2188806,3.6419,-9.1693,-0.5862,0.4900,-1.1200,2.5200,1014.1718,3.5147,-9.1312,-0.6614,1606507139,S
62,2188322,3.7137,-9.0712,-0.5767,2.3800,-0.9100,3.0100,1014.1724,3.4713,-9.1504,-0.6255,1606507139,S
62,2187977,3.6969,-9.1908,-0.6532,14.0700,1.6100,5.1800,1014.1727,3.1715,-9.2657,-0.5088,1606507139,S
62,2188110,3.6419,-9.5426,-0.2345,-3.3600,-2.6600,4.2000,1014.1726,3.2333,-9.2457,-0.4820,1606507139,S
61,2189170,3.5773,-9.0592,-0.4355,-11.0600,-0.9800,3.3600,1014.1727,3.5339,-9.1305,-0.5625,1606507140,S
62,2190455,3.6132,-9.2148,-0.6293,-9.5900,-3.5000,1.4700,1014.1720,3.7030,-9.0570,-0.6549,1606507140,S
61,2192275,3.6227,-9.1932,-0.6293,-0.7000,-0.8400,0.7000,1014.1729,3.6789,-9.0668,-0.6553,1606507140,S
62,2194467,3.5892,-9.0999,-0.5671,-1.0500,-0.9800,2.0300,1014.1747,3.6590,-9.0754,-0.6468,1606507140,S
61,2192145,3.5844,-9.1669,-0.4546,2.5200,-1.0500,5.0400,1014.1757,3.5387,-9.1270,-0.5877,1606507140,S
61,2190371,3.7065,-9.1908,-0.6461,-1.3300,0.7000,2.2400,1014.1761,3.5797,-9.1099,-0.6054,1606507140,S
62,2190310,3.5916,-9.1382,-0.5743,0.4900,-1.1200,2.1700,1014.1759,3.5402,-9.1259,-0.5959,1606507140,S
61,2190625,3.6802,-9.2913,-0.4953,0.0700,-1.2600,1.2600,1014.1742,3.5306,-9.1310,-0.5751,1606507140,S
62,2191089,3.7591,-9.0855,-0.3613,2.3800,-1.8200,0.1400,1014.1739,3.4946,-9.1482,-0.5173,1606507140,S
61,2192610,3.7424,-9.1502,-0.2943,0.7000,-1.9600,2.7300,1014.1741,3.4691,-9.1605,-0.4695,1606507140,S
62,2195717,3.6443,-9.0903,-0.3159,-1.3300,-3.8500,1.8900,1014.1749,3.4798,-9.1571,-0.4560,1606507141,S
62,2196595,3.7137,-9.1286,-0.2943,-0.3500,-2.1000,4.0600,1014.1744,3.4685,-9.1628,-0.4287,1606507141,S
61,2196653,3.6849,-9.2387,-0.3541,-2.0300,-1.6100,2.9400,1014.1746,3.5166,-9.1443,-0.4308,1606507141,S
62,2195363,3.7041,-9.1837,-0.6078,-2.8000,-1.2600,2.3100,1014.1746,3.5913,-9.1124,-0.4879,1606507141,S
61,2192120,3.7400,-9.2507,-0.3852,-5.0400,-0.7700,2.7300,1014.1740,3.7170,-9.0608,-0.5058,1606507141,S
62,2190305,3.7113,-9.1406,-0.4283,-2.3800,-2.3100,2.0300,1014.1732,3.7318,-9.0544,-0.5119,1606507141,S
62,2189620,3.7759,-9.1334,-0.3829,-2.6600,-2.2400,2.7300,1014.1724,3.7607,-9.0426,-0.5096,1606507141,S
62,2189557,3.8094,-9.2028,-0.4881,-0.9800,-1.4700,2.6600,1014.1718,3.7431,-9.0497,-0.5130,1606507141,S
62,2189762,3.7759,-9.1262,-0.5073,-0.5600,-0.8400,3.2200,1014.1712,3.7201,-9.0590,-0.5156,1606507141,S
62,2190185,3.7735,-9.0879,-0.4881,-0.6300,-0.9800,2.9400,1014.1701,3.7077,-9.0641,-0.5152,1606507141,S
62,2191141,3.7543,-9.1071,-0.5049,0.2100,-1.4000,4.0600,1014.1697,3.6561,-9.0852,-0.5117,1606507142,S
62,2192132,3.7759,-9.0879,-0.5073,-0.3500,-0.7700,3.0800,1014.1694,3.6507,-9.0873,-0.5132,1606507142,S
62,2193477,3.7902,-9.0592,-0.4211,-1.7500,-1.3300,2.8700,1014.1687,3.6850,-9.0736,-0.5098,1606507142,S
62,2191419,3.6754,-9.1071,-0.5958,-1.1900,-1.0500,3.6400,1014.1678,3.6653,-9.0801,-0.5360,1606507142,S
62,2189844,3.7902,-9.2243,-0.4068,-7.4900,-0.7700,4.0600,1014.1676,3.8285,-9.0107,-0.5664,1606507142,S
62,2188767,3.7232,-9.0473,-0.6939,-0.2800,-0.7700,3.4300,1014.1674,3.7645,-9.0359,-0.5936,1606507142,S
62,2188975,3.7496,-8.9348,-0.3565,4.4800,-1.7500,2.8000,1014.1675,3.6217,-9.0988,-0.5148,1606507142,S
62,2189228,3.7256,-9.7675,-0.3422,61.1100,5.7400,-2.5200,1014.1664,1.6080,-9.6737,0.0573,1606507142,S
62,2195796,3.5222,-6.8889,2.0291,308.1400,32.2700,-15.3300,1014.1667,6.8328,-6.7745,1.8943,1606507142,S
63,2202124,4.5727,-7.3484,5.9677,98.8400,-23.5200,-51.5900,1014.1660,6.8365,-6.3843,2.9450,1606507142,S
62,2208663,5.3886,-5.8122,5.9677,104.7900,-35.2800,-48.1600,1014.1647,7.0689,-5.6705,3.7478,1606507143,S
62,2215080,5.7380,-3.3858,6.3147,29.8200,-16.1700,-29.7500,1014.1624,7.2121,-5.0390,4.3319,1606507143,S
62,2217386,6.2333,-3.4863,6.4152,-28.2100,-8.8200,-3.4300,1014.1603,7.1764,-4.8629,4.5850,1606507143,S
63,2214315,6.4271,-4.6899,6.1543,-18.8300,-11.9700,-2.3800,1014.1580,7.0926,-4.8709,4.7052,1606507143,S
63,2212706,6.3912,-4.3334,6.0060,-11.0600,-3.5700,-0.1400,1014.1550,6.9948,-4.8228,4.8973,1606507143,S
62,2212983,6.7023,-4.6756,6.0586,-15.6800,-5.4600,-1.8900,1014.1529,6.9397,-4.8200,4.9777,1606507143,S
62,2212803,6.5396,-4.7689,5.5083,-6.6500,-5.5300,1.2600,1014.1512,6.8886,-4.8456,5.0237,1606507143,S
62,2211697,6.7047,-4.7019,5.6710,-13.0900,0.2800,4.6200,1014.1501,6.8127,-4.8918,5.0821,1606507143,S
63,2211423,6.4726,-4.5368,6.0132,-7.0000,3.5700,11.3400,1014.1490,6.6616,-4.9169,5.2553,1606507143,S
63,2211633,6.3027,-4.6971,5.5155,0.3500,7.1400,18.2000,1014.1473,6.4868,-5.0003,5.3934,1606507143,S
63,2212703,6.3697,-5.2786,5.7835,1.8900,3.0100,16.9400,1014.1458,6.3241,-5.1131,5.4801,1606507144,S
63,2214842,6.2357,-5.4341,6.0467,12.0400,-1.8900,-1.6800,1014.1443,6.2680,-5.0623,5.5907,1606507144,S
63,2215996,6.1735,-5.0824,6.2070,-11.4100,-4.8300,-1.6800,1014.1434,6.2514,-5.0831,5.5903,1606507144,S
63,2218240,6.1615,-5.4676,5.7547,-23.7300,-5.8800,-2.4500,1014.1419,6.2539,-5.2368,5.4438,1606507144,S
63,2220069,6.2692,-5.0800,5.6399,1.5400,-1.4700,1.4700,1014.1412,6.2526,-5.2014,5.4791,1606507144,S
63,2221262,6.3529,-5.3695,5.5609,-5.5300,-1.0500,2.8000,1014.1407,6.2393,-5.2563,5.4418,1606507144,S
63,2222051,6.3769,-5.3264,5.5705,-2.1700,-0.9800,1.7500,1014.1397,6.2381,-5.2695,5.4304,1606507144,S
63,2223053,6.2859,-4.8550,5.5920,0.1400,0.4900,9.1000,1014.1395,6.2115,-5.2457,5.4837,1606507144,S
63,2223853,6.2189,-5.5561,5.6471,-8.4700,3.2200,14.0000,1014.1392,6.0911,-5.3996,5.4693,1606507144,S
63,2225175,6.2883,-5.5083,5.6471,14.7000,0.9800,7.4900,1014.1389,6.0497,-5.3570,5.5564,1606507144,S
63,2225888,5.9749,-5.2738,5.9462,10.7100,1.2600,2.2400,1014.1388,5.9985,-5.2841,5.6804,1606507145,S
63,2226935,5.9868,-5.6830,5.8911,0.7700,0.5600,3.4300,1014.1384,5.9360,-5.3409,5.6928,1606507145,S
63,2228958,6.0969,-5.2834,5.9390,-3.0100,-1.1200,-0.7700,1014.1379,5.9536,-5.3185,5.6955,1606507145,S
63,2231070,6.1352,-5.6806,5.8863,-2.5200,-1.8200,-0.2100,1014.1366,5.9513,-5.3560,5.6627,1606507145,S
63,2233365,6.0251,-5.5250,5.8074,-2.4500,-1.8200,0.6300,1014.1356,5.9464,-5.3812,5.6439,1606507145,S
63,2234928,6.1567,-5.3958,5.8433,-3.5000,-1.6100,1.5400,1014.1340,5.9591,-5.3832,5.6286,1606507145,S
63,2235727,6.1831,-5.2068,5.7356,-6.1600,-2.5200,3.5700,1014.1328,5.9871,-5.3873,5.5949,1606507145,S
63,2235756,6.1208,-5.4102,5.7021,-3.8500,-1.1200,7.7000,1014.1323,5.9610,-5.4361,5.5755,1606507145,S
63,2233708,6.0897,-5.4556,5.6351,1.6100,1.0500,7.4900,1014.1318,5.9267,-5.4588,5.5898,1606507145,S
63,2230013,5.9988,-5.9892,5.8528,16.8000,0.7000,7.2100,1014.1324,5.8408,-5.4589,5.6794,1606507145,S
63,2229348,5.9629,-5.5178,5.8840,5.8100,-0.4200,1.3300,1014.1332,5.8329,-5.4227,5.7221,1606507146,S
63,2230620,5.8816,-5.4102,6.1184,-7.1400,-2.1700,0.7700,1014.1339,5.8224,-5.4343,5.7217,1606507146,S
63,2230389,6.0251,-5.1852,5.8074,-4.4100,-2.4500,0.4900,1014.1343,5.8704,-5.4060,5.6995,1606507146,S
63,2230097,6.0467,-5.2953,5.7858,-1.1200,-0.6300,1.7500,1014.1345,5.8885,-5.3886,5.6973,1606507146,S
63,2229905,6.0658,-5.2881,5.9294,0.2800,-1.1900,2.2400,1014.1343,5.8963,-5.3588,5.7173,1606507146,S
63,2230536,6.0562,-5.3671,5.7643,-0.0700,-1.5400,4.0600,1014.1342,5.8999,-5.3685,5.7045,1606507146,S
63,2230855,6.0491,-5.3862,5.8600,-3.6400,-1.3300,4.6900,1014.1339,5.8904,-5.3953,5.6890,1606507146,S
63,2227824,5.9773,-5.3958,5.8265,-0.2100,-1.8200,5.6700,1014.1331,5.8723,-5.4121,5.6918,1606507146,S
63,2224071,5.8840,-5.6112,5.8122,-1.1900,0.1400,9.6600,1014.1329,5.8017,-5.4884,5.6910,1606507146,S
63,2221965,5.9127,-5.5992,5.6997,0.5600,-0.2100,8.8900,1014.1326,5.7628,-5.5399,5.6807,1606507146,S
63,2220337,5.7978,-5.0680,5.6183,0.5600,1.8200,16.9400,1014.1322,5.7059,-5.5613,5.7170,1606507147,S
63,2218742,5.3862,-5.8696,5.7978,-23.3800,4.7600,33.1100,1014.1324,5.4352,-5.9153,5.6247,1606507147,S
63,2217345,5.0871,-7.0301,5.7763,-17.5700,-1.2600,31.7800,1014.1325,5.1325,-6.3154,5.4721,1606507147,S
63,2215161,4.8981,-7.4249,5.4054,-19.9500,-5.1100,14.0000,1014.1324,4.9630,-6.6314,5.2501,1606507147,S
63,2212404,4.7067,-7.1833,4.8694,-19.8100,-1.4000,11.6200,1014.1324,4.8261,-6.8962,5.0320,1606507147,S
63,2209884,4.7665,-7.1617,4.6493,-6.1600,-2.5200,14.0000,1014.1332,4.7372,-7.0573,4.8911,1606507147,S
63,2205269,4.5942,-8.1930,4.8287,1.0500,3.5700,19.6000,1014.1346,4.5094,-7.2620,4.8062,1606507147,S
63,2203194,4.3502,-7.7958,4.6540,-1.6100,-0.9100,13.1600,1014.1359,4.3734,-7.4028,4.7162,1606507147,S
64,2205918,4.3406,-7.9848,4.3741,-24.2900,-3.3600,11.7600,1014.1373,4.2391,-7.6541,4.4289,1606507147,S
63,2217761,4.0510,-8.1332,4.3765,-55.0200,-3.3600,8.5400,1014.1381,4.0177,-8.0087,3.9861,1606507147,S
63,2232799,4.0893,-8.7482,2.2014,-88.2700,-10.7800,21.1400,1014.1381,3.6531,-8.6363,2.8705,1606507148,S
63,2247012,3.8405,-9.2746,0.8614,-96.6700,-6.5800,9.3800,1014.1392,3.1352,-9.1512,1.6110,1606507148,S
64,2246584,3.9936,-9.3464,-0.4810,-80.9900,-5.9500,3.5700,1014.1402,2.4312,-9.4901,0.4438,1606507148,S
64,2242779,3.8716,-9.1597,-1.1797,-30.7300,4.6200,3.4300,1014.1407,1.7565,-9.6467,-0.1650,1606507148,S
64,2241476,3.8405,-9.0233,-0.5743,5.8100,0.2800,-1.6100,1014.1418,1.6128,-9.6711,-0.1998,1606507148,S
64,2239865,3.7735,-9.0138,-0.8016,0.2800,-2.5200,4.9000,1014.1431,0.9882,-9.7512,-0.3289,1606507148,S
64,2239018,3.9123,-8.9731,-0.9595,-7.5600,-3.9200,2.6600,1014.1439,-0.3203,-9.7893,-0.4870,1606507148,S
64,2240954,3.8644,-9.0281,-1.1318,-4.2700,-0.7700,0.9100,1014.1451,6.6361,-7.2080,-0.4210,1606507148,S
65,2243857,4.0032,-8.9874,-1.2873,3.9900,0.9800,0.3500,1014.1472,5.5636,-8.0510,-0.6310,1606507148,S
64,2246835,3.8381,-8.9946,-0.9428,9.3800,0.8400,4.8300,1014.1489,4.8214,-8.5146,-0.6522,1606507148,S
65,2250160,3.9147,-8.9874,-1.0241,4.6200,5.8800,2.5900,1014.1511,4.4890,-8.6921,-0.6830,1606507149,S
65,2248765,3.8285,-9.1167,-0.3948,14.4200,12.3900,11.8300,1014.1532,4.1307,-8.8807,-0.4905,1606507149,S
65,2247524,3.7137,-8.9731,0.5145,19.2500,9.2400,8.8900,1014.1555,3.2578,-9.2489,-0.1222,1606507149,S
65,2247779,3.6754,-9.1047,0.7825,2.6600,0.5600,4.1300,1014.1572,4.9988,-8.4367,0.0716,1606507149,S
65,2245437,3.7352,-9.2913,0.2130,-25.6200,-7.7000,2.5900,1014.1583,-0.9836,-9.7566,-0.1119,1606507149,S
65,2243020,3.8501,-9.3368,-1.1581,-15.5400,-6.5100,3.0800,1014.1595,4.8179,-8.5312,-0.4199,1606507149,S
66,2242036,3.7352,-9.2219,-0.4810,14.0000,3.9900,2.5900,1014.1598,4.0653,-8.9183,-0.3275,1606507149,S
65,2240585,3.7472,-9.1382,0.2417,4.9700,3.0800,0.9800,1014.1597,3.9886,-8.9572,-0.1713,1606507149,S
66,2239821,3.8357,-9.1525,-0.2201,3.1500,0.4200,2.3100,1014.1606,3.6624,-9.0958,-0.1551,1606507149,S
66,2239101,3.7448,-9.1765,0.1292,25.8300,3.8500,5.6000,1014.1611,-0.2073,-9.8037,0.1239,1606507149,S
66,2238478,3.7472,-8.9515,0.9260,11.6200,7.3500,4.1300,1014.1616,5.1516,-8.3374,0.3451,1606507150,S
66,2237794,3.7711,-9.1813,0.9763,10.7100,-0.7000,2.3100,1014.1618,4.7216,-8.5777,0.5472,1606507150,S
66,2238516,3.6203,-9.0066,1.2491,-12.8100,-4.0600,4.2700,1014.1619,3.9951,-8.9365,0.5905,1606507150,S
66,2237511,3.7376,-9.3033,0.1771,-55.5800,-14.2100,3.1500,1014.1624,1.8920,-9.6224,0.0195,1606507150,S
66,2233101,3.7113,-9.1262,-0.8495,-29.2600,-9.9400,5.3200,1014.1620,-1.2832,-9.7159,-0.3525,1606507150,S
66,2229405,3.7663,-9.2028,-0.9906,2.4500,-1.9600,3.3600,1014.1614,5.4419,-8.1474,-0.4189,1606507150,S
66,2228206,3.6849,-9.0712,-0.6102,1.0500,-1.6800,4.7600,1014.1609,4.7558,-8.5634,-0.4711,1606507150,S
66,2227087,3.6323,-8.9707,-0.5647,-3.5700,-2.5900,3.2200,1014.1605,4.4485,-8.7237,-0.5267,1606507150,S
66,2226664,3.7208,-9.1597,-0.7011,-25.9000,-6.7200,0.5600,1014.1598,4.6356,-8.6087,-0.7562,1606507150,S
66,2229091,3.7161,-9.2028,-1.5170,-12.1100,-4.4100,1.2600,1014.1589,4.3659,-8.7239,-1.0010,1606507150,S
66,2231693,3.7687,-9.1071,-1.2754,15.1200,1.6100,-2.3100,1014.1583,3.9981,-8.9049,-0.9426,1606507151,S
65,2233281,3.9769,-9.1047,-0.5001,5.2500,1.4700,-3.2200,1014.1583,3.9592,-8.9350,-0.8132,1606507151,S
66,2235375,4.0295,-9.0832,-1.0457,-30.3100,-5.8100,-3.4300,1014.1586,4.3668,-8.7127,-1.0914,1606507151,S
66,2236904,3.9147,-8.7529,-1.7683,-26.3200,-9.5200,-3.4300,1014.1584,4.4618,-8.6135,-1.4390,1606507151,S
66,2234533,3.9577,-8.8391,-1.9023,-4.6900,-5.7400,6.5100,1014.1572,4.2712,-8.6865,-1.5720,1606507151,S
66,2233169,3.8142,-8.9324,-1.5505,-1.1200,-1.5400,3.8500,1014.1565,4.1371,-8.7503,-1.5770,1606507151,S
65,2235267,3.8668,-8.7936,-1.8090,1.5400,0.8400,3.2900,1014.1558,4.0385,-8.7908,-1.6070,1606507151,S
65,2235503,3.9099,-8.9013,-1.7874,13.7900,2.3100,3.0800,1014.1553,3.8699,-8.8804,-1.5271,1606507151,S
66,2234432,3.9051,-9.0951,-1.8233,31.8500,7.5600,0.3500,1014.1547,3.6004,-9.0270,-1.3117,1606507151,S
65,2232913,3.9123,-9.2578,-0.7035,31.9200,7.9100,5.8800,1014.1553,3.2502,-9.2082,-0.9033,1606507151,S
65,2231931,3.6108,-8.8056,0.5408,12.6700,12.3200,9.5200,1014.1564,2.9331,-9.3460,-0.4696,1606507152,S
65,2229119,3.6203,-9.1789,0.5551,20.3700,12.1800,6.0900,1014.1566,2.0418,-9.5916,-0.0596,1606507152,S
65,2227452,3.1633,-8.7075,2.0889,17.7800,1.7500,4.9000,1014.1578,6.1364,-7.6405,0.3700,1606507152,S
65,2227151,3.7161,-9.4349,0.7035,-91.7000,-24.4300,-1.1900,1014.1588,-1.0125,-9.7513,-0.2401,1606507152,S
65,2221786,3.7017,-9.2124,-2.1918,-57.4700,-22.4700,-7.4900,1014.1589,5.1874,-8.2616,-1.0040,1606507152,S
65,2217956,3.9218,-9.0640,-2.5460,-12.6700,-7.1400,0.8400,1014.1578,4.6681,-8.5091,-1.4051,1606507152,S
65,2217019,3.9218,-9.1669,-1.4692,10.5000,5.3200,3.0100,1014.1578,4.3748,-8.6755,-1.3296,1606507152,S
64,2216320,3.9003,-8.9707,-1.7970,7.0700,2.5900,0.8400,1014.1580,4.1622,-8.7747,-1.3603,1606507152,S
65,2216684,3.8644,-8.7601,-1.3831,18.0600,3.2200,3.5700,1014.1577,3.9028,-8.9129,-1.2240,1606507152,S
64,2216061,3.9864,-9.1621,-1.5817,66.5700,11.6900,4.1300,1014.1572,3.0910,-9.2787,-0.7229,1606507152,S
64,2215222,3.8309,-8.8056,0.7777,54.4600,11.0600,2.6600,1014.1576,1.6980,-9.6582,0.0801,1606507153,S
64,2214546,3.7878,-9.2650,0.4044,10.9900,0.4900,4.1300,1014.1584,1.0050,-9.7520,0.2437,1606507153,S
64,2214563,3.7711,-8.7123,1.9789,5.6000,0.5600,3.0100,1014.1591,-1.3259,-9.7039,0.4976,1606507153,S
64,2214726,3.8333,-9.1597,0.5958,-58.7300,-15.8200,4.8300,1014.1592,5.4716,-8.1380,0.0728,1606507153,S
64,2209742,3.8261,-9.1286,-0.4786,-28.4900,-7.0000,4.4800,1014.1594,5.2565,-8.2753,-0.2409,1606507153,S
64,2205515,3.7400,-9.2004,-0.8901,-13.3000,-5.8800,1.7500,1014.1585,4.6461,-8.6227,-0.4827,1606507153,S
64,2203980,3.7759,-9.0162,-0.7011,-17.2200,-4.4800,2.3100,1014.1585,4.6593,-8.6040,-0.6577,1606507153,S
64,2203336,3.7926,-9.1334,-1.3591,-3.6400,-2.1000,0.9800,1014.1588,4.3223,-8.7637,-0.8275,1606507153,S
64,2204053,3.8022,-9.1071,-1.0337,-7.1400,-2.8000,2.1000,1014.1595,4.2305,-8.7988,-0.9248,1606507153,S
64,2205235,3.8189,-9.0520,-0.8542,-12.1800,-4.1300,0.2100,1014.1600,4.2736,-8.7687,-1.0081,1606507153,S
64,2207419,3.8477,-8.9587,-1.4907,-11.4800,-5.4600,1.0500,1014.1608,4.2215,-8.7701,-1.1974,1606507154,S
64,2211510,3.8644,-8.9204,-1.7779,-3.0100,-2.2400,4.1300,1014.1620,4.0883,-8.8137,-1.3325,1606507154,S
63,2215455,3.8740,-8.9444,-1.5769,0.9800,-0.9800,1.9600,1014.1626,3.9932,-8.8512,-1.3717,1606507154,S
64,2216327,3.8381,-8.9827,-1.5266,3.0800,-0.2100,2.8000,1014.1631,3.8937,-8.8950,-1.3743,1606507154,S
63,2214200,3.8931,-8.9611,-1.3735,-0.4200,-0.9100,2.7300,1014.1635,3.8644,-8.9077,-1.3746,1606507154,S
63,2212488,3.8333,-8.9707,-1.1749,4.7600,-0.2800,3.7100,1014.1639,3.7786,-8.9564,-1.2947,1606507154,S
63,2212536,3.8979,-8.9898,-1.3519,-0.6300,-1.8900,3.1500,1014.1645,3.7659,-8.9596,-1.3092,1606507154,S
63,2212503,3.8740,-8.9755,-1.3137,-0.2800,-1.4700,2.9400,1014.1661,3.7538,-8.9645,-1.3106,1606507154,S
